疾病,总数,详论
老年性皮肤瘙痒症,1,老年性皮肤瘙痒症中西医治疗研究进展
胆石症,1,中西医结合治疗胆石症临证举隅
扁平疣,1,扁平疣外治法研究进展
扁平疣,2,中西医结合治疗扁平疣的临床应用研究
扁平疣,3,中西医结合治疗扁平疣体会
扁平疣,4,中西医结合治疗扁平疣病例心得
不孕,1,中西医结合治疗输卵管炎性阻塞性不孕86例探讨
不孕,2,红藤合剂保留灌肠联合选择性输卵管造影再通治疗血瘀输卵管阻塞性不孕症随机平行对照研究
不孕,3,中西医结合治疗内分泌失调性不孕症的临床效果观察
不孕,4,中西医结合在多囊卵巢综合征不孕中的疗效观察
不孕,5,输卵管阻塞性不孕的中西医治疗进展
不孕,6,中西医结合治疗排卵障碍性不孕疗效观察
不孕,7,中西医结合治疗继发性不孕不育128例疗效观察
不孕,8,中西医结合治疗排卵障碍性不孕临床研究
不孕,9,中西医结合以多途径用药对女性输卵管性不孕进行治疗的效果研究
不孕,10,中西医结合治疗免疫性不孕不育的临床效果观察
不孕,11,中西医结合治疗输卵管堵塞致女性不孕症的研究进展分析
不孕,12,肾虚血瘀型多囊卵巢综合征、复发性流产、不孕症的治疗研究进展
不孕,13,中西医结合疗法在输卵管堵塞性不孕治疗中的应用
不孕,14,多囊卵巢综合征不孕患者行中西医结合治疗的效果探讨
不孕,15,中西医结合治疗不孕不育的临床疗效情况及病因
不孕,16,补肾助孕方联合促排卵药对排卵障碍性不孕患者FSH、LH、E_2及内膜的影响
不孕,17,中西医结合治疗多囊卵巢综合征不孕症的Meta分析
不孕,18,中西医结合治疗内分泌失调性不孕症的效果及安全性观察
不孕,19,中西医结合治疗免疫性不孕不育的疗效观察
不孕,20,中西医结合治疗脾肾阳虚型黄体功能不全不孕症临床观察
不孕,21,中西医结合治疗免疫性不孕的临床效果分析
不孕,22,谈勇教授治疗卵巢功能不全性不孕症经验
高血压,1,中西医结合治疗高血压性脑出血的临床效果观察
高血压,2,用中西医结合疗法治疗妊娠期高血压的效果探讨
高血压,3,中西医结合治疗原发性高血压34例临床观察
高血压,4,中西医结合治疗原发性高血压的临床疗效分析
高血压,5,中西医诊治原发性高血压临床体会
高血压,6,降压调脂汤联合西药治疗112例高血压合并高血脂疗效分析
高血压,7,H型高血压的中西医治疗
高血压,8,观察中西医结合治疗肝阳上亢型原发性高血压的临床疗效
高血压,9,初探中西医结合用于治疗高血压肝阳上亢证的实际疗效
高血压,10,中西医结合治疗高血压肾病疗效观察
高血压,11,中西医结合治疗高血压脑出血50例
高血压,12,高血压合并糖尿病中西医结合治疗的疗效观察
高血压,13,中西医结合治疗妊娠高血压综合征临床观察
高血压,14,降压清心方联合硝苯地平缓释片防治肝阳上亢型高血压病的临床研究
高血压,15,中西医结合治疗社区老年高血压患者的研究进展
高血压,16,中西医结合治疗原发性高血压疗效观察
高血压,17,探讨应用中西医结合治疗的方法治疗高血压病的效果
高血压,18,中西医结合治疗高血压脑出血的研究现状
高血压,19,中西医结合慢病管理方案防治痰湿壅盛型原发性高血压临床研究
高血压,20,中西医结合治疗肥胖型高血压病伴胰岛素抵抗临床研究
高血压,21,中西医结合治疗肾性高血压的疗效观察及护理
高血压,22,中西医结合治疗妊娠高血压早发型重度子痫前期临床效果分析
高血压,23,中西医结合治疗高血压合并糖尿病临床疗效分析
高血压,24,中西医结合治疗原发性高血压120例的临床观察
高血压,25,中西医结合治疗高血压50例的临床效果分析
高血压,26,丹栀逍遥散联合氟西汀、硝苯地平治疗肝气郁结老年高血压合并抑郁随机平行对照研究
高血压,27,肾实质性高血压中医证候及用药规律文献研究
高血压,28,中西医结合治疗高血压75例疗效观察
高血压,29,中西医结合治疗高血压合并高血脂的临床疗效
高血压,30,中西医结合护理对高血压脑出血的临床效果分析
高血压,31,中西医结合治疗高血压50例临床观察
高血压,32,中西医结合治疗老年难治性高血压的临床效果观察
高血压,33,中西医结合治疗妊娠高血压疾病并发症的临床研究
高血压,34,EECP联合中西医疗法治疗高血压的临床疗效及对ET、NO、AngⅡ的影响
高血压,35,中西医结合疗法对早期妊娠高血压综合征的疗效及临床护理干预
高血压,36,中西医结合治疗老年高血压的临床观察
高血压,37,中西医结合治疗妊娠期高血压临床疗效及对凝血酶的影响
高血压,38,中西医结合治疗老年高血压的应用及降压效果观察
高血压,39,中西医结合治疗原发性高血压49例
高血压,40,中西医结合治疗高原地区妊娠高血压疾病的临床疗效分析
高血压,41,中西医结合治疗社区老年高血压的应用效果评价
高血压,42,中西医结合治疗痰湿壅盛型高血压病疗效观察
高血压,43,中药利尿药和西药利尿药在高血压中的应用研究
高血压,44,武汉首义社区高血压中西医结合综合干预效果研究
高血压,45,中西医结合治疗高血压的疗效观察
高血压,46,中西医结合治疗妊娠期高血压疾病的系统评价
高血压,47,中西医结合治疗肝阳上亢型原发性高血压临床观察
高血压,48,H型高血压的中西医治疗研究进展
高血压,49,中西医结合治疗社区中肝阳上亢证H型高血压病的疗效分析
高血压,50,探讨应用中西医结合治疗的方法治疗高血压病的效果
高血压,51,中西医结合疗法对高血压的治疗作用初步分析
高血压,52,中西医结合治疗高血压合并脂代谢紊乱62例
高血压,53,中西医结合治疗高血压患者的临床效果
血液病,1,搜寻遗失的中医瑰宝——访我国著名中医、中西医结合血液病专家、北京西苑医院血液科主任医师麻柔教授
产后乳汁不足,1,中西医药治疗产后乳汁不足或缺乳的临床观察
老年女性肾性血尿,1,中西医结合治疗老年女性肾性血尿60例的效果观察
骨折,1,中西医结合疗法对胫骨平台骨折术后康复的作用观察
骨折,2,中西医结合治疗骨折后愈合不良患者临床对照分析
骨折,3,中西医结合疗法治疗股骨转子间骨折的临床效果评价
骨折,4,中西医结合治疗多发性肋骨骨折疗效观察
骨折,5,中西医结合治疗骨质疏松脊柱骨折临床观察
骨折,6,中西医结合疗法在胫骨平台骨折术后康复中的应用
骨折,7,中西医结合治疗骨质疏松性脊柱骨折的效果
骨折,8,中西医结合治疗骨质疏松性股骨粗隆间骨折的疗效分析
骨折,9,中西医结合治疗对四肢骨折术后康复的影响
骨折,10,中西医结合治疗骨盆骨折术后尿道损伤患者的疗效分析
骨折,11,中西医结合“三步复位法”治疗胸腰段脊柱爆裂骨折疗效观察
骨折,12,中西医结合治疗跟骨骨折疗效及安全性评价
骨折,13,中西医结合治疗老年骨质疏松性胸腰椎压缩性骨折的临床疗效观察
骨折,14,中西医结合疗法在胫骨平台骨折术后康复治疗中的临床效果
骨折,15,老年股骨粗隆间骨折的中西医结合治疗新进展
骨折,16,中西医结合骨折新疗法治疗肱骨髁上骨折的预后分析
骨折,17,中西医结合治疗老年股骨粗隆间骨折的临床效果
骨折,18,中西医结合治疗内踝骨折60例分析
骨折,19,疼痛性骨质疏松性脊柱骨折的中西医结合治疗效果研究
骨折,20,中西医结合治疗后交叉韧带胫骨止点骨折22例
骨折,21,中西医结合治疗复杂胫骨平台骨折的临床疗效分析
骨折,22,中西医结合治疗髌骨骨折42例临床价值分析
骨折,23,中西医结合治疗骨盆骨折60例分析
骨折,24,中西医结合治疗胫骨Pilon骨折28例疗效观察
骨折,25,中西医结合治疗指骨骨折84例分析
骨折,26,中西医结合应用于闭合性肋骨骨折并血气胸150例效果分析
骨折,27,对行手术治疗的胸腰椎骨折患者实施中西医结合护理在预防腹胀方面的效果
骨折,28,中西医结合治疗闭合性骨折100例临床疗效观察
骨折,29,中西医结合在胫骨平台骨折术后康复治疗中的应用效果
骨折,30,克氏针固定配合中药内服中西医结合辅助治疗锁骨骨折的疗效观察
骨折,31,中西医结合治疗胫骨平台骨折的临床观察
骨折,32,中西医结合骨科微创治疗理念的体现——骨折复位固定器疗法的形成与发展
骨折,33,中西医结合治疗桡骨远端骨折的效果分析
骨折,34,中西医结合治疗老年骨质疏松性胸腰椎压缩性骨折37例
骨折,35,我国开创的中西医结合科研及其启示(六)——著名骨科专家尚天裕教授与中西医结合治疗骨折研究的创新之路
骨折,36,手法复位小夹板外固定治疗骨折的延续和发展——骨折复位固定器疗法
骨折,37,中西医结合治疗方案在老年肱骨近端骨折中的应用
骨折,38,桡骨远端骨折的中西医结合治疗的临床研究进展
骨折,39,中西医结合临床护理路径防治26例胸腰椎骨折术后腹胀疗效
骨折,40,观察股骨近端骨折应用中西医结合分阶段治疗的临床疗效
骨折,41,中西医结合疗法改善骨质疏松性椎体压缩性骨折术后疼痛临床分析
骨折,42,中西医结合治疗股骨颈骨折临床疗效观察
骨折,43,中西医结合外用疗法治疗跟骨骨折术前肿胀的护理
骨折,44,中西医结合治疗小儿肱骨踝上骨折的临床效果
骨折,45,中西医结合交锁髓内钉治疗胫骨骨折术后再骨折的疗效
骨折,46,中西医结合治疗骨质疏松性股骨粗隆间骨折的临床研究
痴呆,1,中西医结合治疗脑梗死后血管性痴呆的效果观察
痴呆,2,中西医结合治疗老年肾虚痰浊型血管性痴呆临床研究
痴呆,3,探讨老年痴呆病的发病机制及临床采用中西医结合药物治疗效果
痴呆,4,老年痴呆症发病机制与中西医联合治疗研究进展
痴呆,5,中西医结合治疗脑梗死后血管性痴呆的效果评价
痴呆,6,探讨中西医结合改善脑梗死后血管性痴呆症状的临床效果
脑梗塞,1,中西医结合治疗脑梗塞后遗症康复效果观察
脑梗塞,2,中西医结合疗法治疗脑梗塞效果评析
脑梗塞,3,中西医结合治疗脑梗塞后遗症的护理干预
脑梗塞,4,老年脑梗塞患者采用中西医结合治疗后分期综合护理干预的临床效果
脑梗塞,5,中西医结合治疗脑梗塞后遗症疗效分析
脑梗塞,6,探讨中西医结合治疗脑梗塞后遗症的疗效分析
脑梗塞,7,中西医结合治疗脑梗塞后遗症116例疗效分析
关节炎,1,中药熏蒸、定向透药、关节腔注射玻璃酸钠中西医结合治疗膝关节骨性关节炎疗效观察
关节炎,2,中西医结合治疗老年性退行性膝骨关节炎的临床效果
关节炎,3,益气温阳中药治疗膝骨关节炎疗效及对炎性细胞因子、NO水平的影响
关节炎,4,中西医结合治疗老年膝关节骨性关节炎的临床疗效
关节炎,5,膝骨关节炎的中西医结合治疗及护理分析
关节炎,6,探讨中西医结合治疗类风湿性关节炎临床疗效
关节炎,7,中西医结合治疗配合护理在痛风性关节炎患者中的应用分析
关节炎,8,中西医结合治疗类风湿关节炎临床研究
关节炎,9,中西医结合治疗活动期类风湿关节炎
关节炎,10,中西医结合辨证治疗急性期类风湿关节炎疗效观察
关节炎,11,骨性膝关节炎采取中西医结合治疗的效果观察
关节炎,12,中西医结合治疗类风湿性关节炎60例疗效观察
关节炎,13,中西医结合治疗急性痛风性关节炎临床观察
关节炎,14,中西医结合治疗湿热蕴结型痛风性关节炎临床观察
关节炎,15,中西医结合治疗痛风性关节炎疗效及不良反应的研究
关节炎,16,中西医结合治疗骨性膝关节炎43例临床观察
关节炎,17,治疗老年肝肾亏虚型膝关节骨性关节炎文献综述
关节炎,18,中西医结合治疗膝关节骨性关节炎寒湿痹阻型疗效观察
关节炎,19,中药熏洗联合玻璃酸钠关节腔注射治疗膝关节骨性关节炎的疗效分析
关节炎,20,中西医结合治疗老年性膝骨关节炎的疗效分析
关节炎,21,中西医结合疗法治疗类风湿性关节炎临床研究
关节炎,22,中西医结合治疗类风湿关节炎36例
关节炎,23,膝关节骨性关节炎中西医结合治疗临床效果分析
关节炎,24,中西医结合治疗类风湿关节炎的经验浅谈
关节炎,25,中西医结合治疗老年膝关节骨性关节炎的临床效果
关节炎,26,中西结合治疗踝关节早中期骨性关节炎的临床疗效分析
关节炎,27,类风湿性关节炎继发骨质疏松患者中西医结合治疗的效果
关节炎,28,中西医结合治疗类风湿性关节炎的疗效及CRP、RF的影响研究
关节炎,29,中西医结合治疗寒湿痹阻型类风湿关节炎临床研究
关节炎,30,中西医结合治疗风湿性关节炎临床研究
关节炎,31,膝关节骨性关节炎的中西医治疗
关节炎,32,中西医结合辨证治疗急性期类风湿关节炎60例
关节炎,33,中西医结合康复护理中晚期类风湿关节炎86例
呼吸衰竭,1,中西医结合治疗重症肺炎致呼吸衰竭疗效观察
呼吸衰竭,2,中西医结合治疗哮喘持续状态伴发呼吸衰竭的临床疗效观察
呼吸衰竭,3,中西医结合治疗慢性呼吸衰竭的临床疗效探讨
呼吸衰竭,4,中西医结合治疗重症肺炎呼吸衰竭临床疗效分析
呼吸衰竭,5,中西医结合治疗慢性呼吸衰竭临床研究
胰腺炎,1,中西医结合治疗ICU重症急性胰腺炎的临床疗效
胰腺炎,2,中西医结合治疗老年重症急性胆源性胰腺炎的临床效果
胰腺炎,3,清胰汤联合奥曲肽治疗急性胰腺炎疗效观察
胰腺炎,4,重症急性胰腺炎中西医联合内镜治疗的护理
胰腺炎,5,中西医结合治疗重症急性胰腺炎临床分析
胰腺炎,6,中西医结合治疗重症胰腺炎45例
胰腺炎,7,中西医联合保守治疗急性胰腺炎52例的临床观察
胰腺炎,8,中西医结合治疗急性胰腺炎的疗效探究
胰腺炎,9,生长抑素与中西医结合疗法治疗急性重症胰腺炎的临床对比研究
胰腺炎,10,中西医结合治疗重症急性胰腺炎36例临床观察
胰腺炎,11,中西医结合治疗胰腺炎的现状与展望
胰腺炎,12,高血脂性重症急性胰腺炎相关因素研究进展
胰腺炎,13,中西医结合治疗急性胆源性胰腺炎临床观察
胰腺炎,14,中西医结合治疗慢性胰腺炎合并胰腺囊肿30例临床分析
胰腺炎,15,探讨中西医联合方法在重症急性胰腺炎治疗中的可行性
胰腺炎,16,34例胆源性重症胰腺炎中西医结合治疗及护理经验
胰腺炎,17,中药内服与高位保留灌肠治疗急性胰腺炎40例疗效观察
胰腺炎,18,急性胰腺炎的中西医结合与单纯西医治疗临床效果对比研究
胰腺炎,19,中西医结合治疗急性胰腺炎临床效果观察
胰腺炎,20,中西医结合治疗急性胰腺炎32例临床观察
胰腺炎,21,重症急性胰腺炎中西医结合治疗进展
胰腺炎,22,中西医结合治疗急性胰腺炎的疗效及护理
胰腺炎,23,中西医结合治疗非轻症急性胰腺炎56例的疗效观察
胰腺炎,24,中西医结合治疗胰腺炎25例临床观察
胰腺炎,25,刍议清热通腑活血方汤治疗重症急性胰腺炎(SAP)并发肠功能障碍的疗效
胰腺炎,26,中西医结合治疗肝胆湿热型慢性胰腺炎32例
胰腺炎,27,中西医结合治疗急性胰腺炎文献的系统评价与Meta分析
胰腺炎,28,中西医结合治疗急性胰腺炎经验
胰腺炎,29,中西医结合治疗急性胰腺炎的100例临床效果分析
胰腺炎,30,急性胆源性胰腺炎肝胆湿热证中西医结合治疗临床观察
更年期功能性子宫出血,1,中西医结合治疗150例更年期功能性子宫出血的临床观察
厌食,1,中西医结合对小儿厌食症患者血清β-EP、Leptin水平的影响
厌食,2,中西医结合治疗小儿厌食症疗效观察
厌食,3,中西医结合治疗小儿厌食症临床观察
小儿内科疾病,1,中西医结合治疗小儿内科疾病与单一西药治疗效果对比分析
咽喉反流合并咽喉炎,1,中西医结合治疗咽喉反流合并咽喉炎的临床疗效
尖锐湿疣,1,中西医结合疗法治疗尖锐湿疣
更年期抑郁症,1,加味二仙汤联合心理疏导对更年期抑郁症女性单胺类神经递质的影响
更年期抑郁症,2,中西医结合治疗更年期抑郁症临床研究
糖尿病,1,中西医结合治疗糖尿病周围神经病变30例
糖尿病,2,中西医结合治疗Ⅳ期糖尿病肾病临床研究
糖尿病,3,中西医结合治疗糖尿病周围神经病变效果评价
糖尿病,4,中西医结合治疗糖尿病肾病临床观察
糖尿病,5,中医特色护理在糖尿病肾病患者中的应用效果分析
糖尿病,6,中西医结合治疗2型糖尿病临床观察
糖尿病,7,中西医结合治疗糖尿病肾病临床研究
糖尿病,8,中西医结合护理在胰岛素泵强化治疗2型糖尿病患者中的应用
糖尿病,9,中西医结合治疗糖尿病肾病Ⅳ期的疗效分析
糖尿病,10,糖尿病足中医治疗研究进展
糖尿病,11,中西医结合治疗糖尿病足30例观察
糖尿病,12,中西医结合治疗小儿糖尿病临床研究
糖尿病,13,中西医结合治疗糖尿病周围神经病变临床疗效评价
糖尿病,14,祝肇刚中西医结合治疗糖尿病撷英
糖尿病,15,中西医结合治疗糖尿病视网膜病变临床疗效
糖尿病,16,中西医结合治疗糖尿病多发性周围神经病变34例临床观察
糖尿病,17,中西医结合全程治疗糖尿病视网膜病变的疗效评价
糖尿病,18,综合疗法治疗糖尿病周围神经病变60例临床观察
糖尿病,19,糖尿病合并高血压患者应用中西医结合护理的效果
糖尿病,20,中西医结合治疗糖尿病足46例临床观察
糖尿病,21,探讨中西医结合治疗糖尿病性周围神经痛的临床效果
糖尿病,22,对比分析中西医疗法与中西医序贯疗法在糖尿病肾病治疗中的临床效果
糖尿病,23,中西医结合治疗糖尿病足疗效分析
糖尿病,24,中西医结合治疗改善Wagner 0级糖尿病足主要临床症状的Meta分析
糖尿病,25,中西医结合治疗联合护理干预对糖尿病伴抑郁症患者临床疗效及血糖控制的影响
糖尿病,26,中西医护理在糖尿病肾病护理中的应用价值
糖尿病,27,中西医结合治疗早期糖尿病肾病的疗效观察
糖尿病,28,中西医结合治疗糖尿病周围神经病变25例
糖尿病,29,探讨中西医结合治疗糖尿病肾病的临床效果
糖尿病,30,中西医结合治疗糖尿病足疗效研究
糖尿病,31,浅析中西医结合治疗糖尿病并发眼肌麻痹的临床效果
糖尿病,32,中西医结合治疗糖尿病周围神经病变的临床应用分析
糖尿病,33,中西医治疗糖尿病足的研究进展
糖尿病,34,老年糖尿病患者中西医结合护理临床观察
糖尿病,35,中西医结合治疗早期糖尿病肾病临床疗效评价
糖尿病,36,中西医联合干预糖尿病合并抑郁症的临床疗效观察
糖尿病,37,中西医结合治疗糖尿病肾病的临床探讨
糖尿病,38,糖尿病视网膜病变的治疗与护理效果
糖尿病,39,中西医结合治疗糖尿病50例临床随机对照观察
糖尿病,40,中西医结合治疗糖尿病周围血管病变的疗效观察
糖尿病,41,中西医结合治疗糖尿病周围血管病疗效观察
糖尿病,42,中西医结合治疗糖尿病足坏疽合并下肢神经病变的效果观察
糖尿病,43,中西医结合治疗糖尿病周围神经病变临床观察
糖尿病,44,中西医结合治疗糖尿病肾病35例
糖尿病,45,中西医治疗糖尿病周围神经病变研究进展
糖尿病,46,中医药治疗糖尿病视网膜病变研究进展
糖尿病,47,对糖尿病周围神经病变患者进行中西医结合治疗的疗效探讨
糖尿病,48,中西医结合疗法治疗糖尿病肾病的效果研究
糖尿病,49,中西医结合治疗早期糖尿病肾病临床疗效分析
糖尿病,50,TIME原则指导下中西医结合治疗糖尿病性溃疡1例
糖尿病,51,中西医结合治疗非增殖期糖尿病视网膜病变疗效观察
糖尿病,52,中西医结合治疗老年糖尿病周围血管病变的疗效观察及护理
糖尿病,53,中西医结合治疗糖尿病高血糖高渗综合征疗效观察
糖尿病,54,熏洗法结合西药治疗糖尿病足80例临床观察
糖尿病,55,中西医结合治疗糖尿病性周围神经痛的临床效果
糖尿病,56,中西医结合治疗糖尿病性视网膜病变50例临床观察
糖尿病,57,观察中西医结合护理对96例老年糖尿病合并高血压患者的临床效果
糖尿病,58,糖尿病中西医治疗的研究进展
糖尿病,59,中西医结合治疗糖尿病合并细菌性肝脓肿疗效观察
糖尿病,60,增生性糖尿病视网膜病变患者术后开展中西医结合疗法的治疗分析
糖尿病,61,中西医结合治疗非增殖期糖尿病视网膜病变的临床研究
糖尿病,62,中西医结合治疗糖尿病下肢血管病变60例临床观察
糖尿病,63,中西医结合治疗糖尿病视网膜病变临床分析与研究
糖尿病,64,中西医结合治疗气阴两虚型糖尿病疗效观察
糖尿病,65,老年Ⅱ型糖尿病肺部感染的中西医联合治疗效果分析
糖尿病,66,中西医结合治疗糖尿病足疗效的Meta分析
糖尿病,67,中西医结合治疗糖尿病皮肤瘙痒临床效果研究
糖尿病,68,中西医结合治疗老年糖尿病患者合并高血压42例效果观察
糖尿病,69,中西医结合治疗糖尿病痛性神经病变50例临床研究
高脂血症,1,中西医结合治疗脾虚痰瘀型高脂血症合并颈动脉硬化45例
小儿秋季腹泻,1,中西医结合治疗小儿秋季腹泻临床观察
颈椎病,1,神经根型颈椎病的中医治疗进展
颈椎病,2,用中西医结合疗法治疗颈椎病的临床疗效观察
颈椎病,3,中西医结合治疗联合心理干预对神经根型颈椎病患者的疗效
颈椎病,4,中西医结合治疗Chiari畸形术后脊髓空洞症合并颈椎病、腰突症1例报告
颈椎病,5,中西医结合治疗椎动脉型颈椎病的临床研究
颈椎病,6,中西医结合治疗神经根型颈椎病Meta分析
心绞痛,1,中西医治疗冠心病心绞痛研究进展
心绞痛,2,中医汤药联合硝酸脂类药物治疗冠心病心绞痛的临床效果观察
心绞痛,3,中西医结合护理对不稳定型心绞痛患者的效果观察
心绞痛,4,中西医结合治疗冠心病心绞痛的临床疗效观察
心绞痛,5,中西医结合治疗稳定型心绞痛气虚血瘀证临床研究
心绞痛,6,中西医结合治疗冠心病不稳定型心绞痛疗效观察
心绞痛,7,中西医结合治疗冠心病不稳定型心绞痛临床观察
心绞痛,8,中西医结合治疗冠心病心绞痛疗效分析
心绞痛,9,中西医结合治疗不稳定型心绞痛疗效分析
心绞痛,10,中西医结合治疗冠心病不稳定型心绞痛临床观察
心绞痛,11,中西医结合治疗冠心病心绞痛临床观察
心绞痛,12,中西医结合治疗冠心病心绞痛观察与护理
心绞痛,13,中西医结合治疗稳定性心绞痛的临床效果观察
心绞痛,14,分析中西医结合治疗冠心病心绞痛临床疗效
心绞痛,15,中西医结合护理对冠心病心绞痛患者疗效的影响效果
心绞痛,16,中西医结合治疗不稳定型心绞痛疗效观察
心绞痛,17,中西医结合护理对老年冠心病心绞痛的干预效果分析
心绞痛,18,中西医结合治疗胸痹心痛心血瘀阻证103例疗效观察
心绞痛,19,中医药治疗冠心病心绞痛研究进展
心绞痛,20,中西医结合治疗缓解期心绞痛的临床疗效及血清炎性因子水平分析
心绞痛,21,冠心病心绞痛心血管内科治疗的临床研究
心绞痛,22,单硝酸异山梨酯缓释片联合二参田七瓜蒌汤治疗冠心病心绞痛的临床探讨
心绞痛,23,中西医结合治疗稳定性心绞痛的疗效观察
心绞痛,24,中西医结合对不同心肌梗死溶栓危险评分组不稳定型心绞痛患者血瘀证积分的干预作用
心绞痛,25,中西医结合疗法治疗冠心病心绞痛的效果探讨
心绞痛,26,中西医结合治疗冠心病稳定型心绞痛临床观察
心绞痛,27,中西医结合治疗冠心病心绞痛的疗效观察
心绞痛,28,益气宣痹方联合西药治疗不稳定型心绞痛的疗效分析
心绞痛,29,中西医结合治疗冠心病微血管心绞痛临床观察
心绞痛,30,中西医结合治疗冠心病心绞痛64例临床观察
心绞痛,31,中西医结合对冠心病心绞痛的治疗效果观察
心绞痛,32,血府逐瘀汤联合阿司匹林治疗冠心病心绞痛随机平行对照研究
心绞痛,33,中西医结合治疗心绞痛的效果分析
心绞痛,34,中西医结合治疗心绞痛40例临床观察
心绞痛,35,复方丹参滴丸用于治疗心绞痛的临床疗效观察
心绞痛,36,中西医结合治疗不稳定性心绞痛35例临床观察
心绞痛,37,不稳定性心绞痛中医优化治疗初探
肝胆管结石,1,复发性肝胆管结石的中西医结合治疗方法与研究
肠炎,1,中西医结合灌肠治疗直肠炎的效果观察
肠炎,2,中西医结合治疗溃疡性结肠炎的临床研究
肠炎,3,中西医结合治疗慢性结肠炎的临床效果观察
肠炎,4,中西医结合治疗溃疡性结肠炎临床观察
肠炎,5,中西医结合治疗小儿坏死性小肠炎术后综合征临床研究
肠炎,6,中西医结合治疗溃疡性结肠炎的效果观察
肠炎,7,中西医结合治疗溃疡性结肠炎研究进展
肠炎,8,中西医结合治疗小儿轮状病毒性肠炎的临床观察
肠炎,9,中西医结合治疗嗜酸性粒细胞性胃肠炎误诊为急性胃肠炎1例
肠炎,10,中医药防治放射性肠炎研究进展
肛门瘙痒,1,中西医结合治疗肛肠疾病术后肛门瘙痒的效果分析
肛门瘙痒,2,中西医结合治疗肛肠术后肛门瘙痒的效果观察
肛门瘙痒,3,对肛肠手术后肛门瘙痒患者进行中西医结合治疗的效果观察
肛门瘙痒,4,中西医结合治疗肛肠手术术后肛门瘙痒的临床疗效
肛门瘙痒,5,中西医结合治疗肛门瘙痒症的疗效分析
肛门瘙痒,6,中西医结合方法治疗肛肠手术后肛门瘙痒症的临床效果
心力衰竭,1,中西医结合治疗急诊内科重症心力衰竭的临床疗效探讨
心力衰竭,2,中西医结合治疗老年慢性心力衰竭58例临床观察
心力衰竭,3,中西医结合治疗慢性心力衰竭阳虚水泛证30例临床观察
心力衰竭,4,中西医结合治疗冠心病并发心力衰竭的超声心动图疗效分析
心力衰竭,5,中西医结合治疗肺心病伴顽固性心力衰竭的疗效探讨
心力衰竭,6,中西医结合治疗慢性肺源性心脏病合并心力衰竭疗效观察
心力衰竭,7,急诊内科中西医结合治疗老年重症心力衰竭的临床效果观察
心力衰竭,8,中西医结合治疗慢性心力衰竭临床疗效分析
心力衰竭,9,中西医结合治疗慢性心力衰竭临床观察
心力衰竭,10,强心汤对慢性心力衰竭患者血管内皮功能及心功能的影响
心力衰竭,11,壮元饮对慢性心力衰竭患者血浆肿瘤坏死因子-α和超敏C反应蛋白的影响
心力衰竭,12,中西医结合治疗慢性心力衰竭伴利尿剂抵抗35例临床观察
心力衰竭,13,中西医结合治疗心力衰竭合并室性心律失常的临床观察
心力衰竭,14,辨证分型联合西药治疗慢性心力衰竭随机平行对照研究
心力衰竭,15,中西医结合治疗冠心病慢性心力衰竭的临床疗效分析
心力衰竭,16,中西医结合治疗老年慢性心力衰竭患者的临床疗效及对生活质量的影响
心力衰竭,17,中西医结合治疗对慢性心力衰竭患者生活质量的影响分析
心力衰竭,18,丁邦晗中西医结合治疗慢性心力衰竭经验
心力衰竭,19,中西医结合治疗慢性心力衰竭疗效观察
心力衰竭,20,优质护理用于中西医结合治疗慢性充血性心力衰竭患者的临床意义研究
心力衰竭,21,中西医结合治疗慢性心力衰竭23例临床研究
心力衰竭,22,中西医结合治疗阳虚血瘀型慢性心力衰竭的临床疗效研究
哮喘,1,中西医结合疗法对老年慢性持续期哮喘的疗效评价
哮喘,2,赖新生针药结合治疗咳嗽变异性哮喘
哮喘,3,中西医结合治疗哮喘临床研究
哮喘,4,中西医结合治疗支气管哮喘合并过敏性鼻炎疗效观察
哮喘,5,中西医结合治疗支气管哮喘患儿临床观察
哮喘,6,中西医结合治疗哮喘合并反复呼吸道感染42例
哮喘,7,探讨中西医结合治疗小儿哮喘临床效果及安全性
哮喘,8,中西医结合治疗咳嗽变异型哮喘的疗效观察
哮喘,9,中西医结合治疗咳嗽变异性哮喘临床观察
哮喘,10,中西医结合治疗儿童咳嗽变异性哮喘20例疗效观察
哮喘,11,中西医治疗小儿支气管哮喘急性发作护理分析
哮喘,12,中西医结合治疗儿童支气管哮喘缓解期脾胃虚弱型43例临床观察
哮喘,13,中西医结合治疗小儿哮喘的临床研究
哮喘,14,中西医结合护理干预在小儿哮喘护理中的应用价值
哮喘,15,中西医结合治疗支气管哮喘急性发作期疗效观察
哮喘,16,中西医结合治疗治疗成人支气管哮喘的疗效及对肺功能的影响
哮喘,17,中西医结合治疗小儿哮喘缓解期30例
哮喘,18,中西医结合治疗支气管哮喘70例
哮喘,19,中西医结合治疗儿童咳嗽变异性哮喘疗效观察
哮喘,20,中西医结合治疗过敏性鼻炎-哮喘综合征的临床观察
哮喘,21,中西医结合治疗小儿咳嗽变异性哮喘55例临床观察
哮喘,22,中西医结合治疗哮喘急性发作期效果研究
哮喘,23,中西医结合疗法治疗支气管哮喘的疗效探析
哮喘,24,中西医结合治疗小儿支气管哮喘慢性持续期的临床疗效及对免疫功能的影响
哮喘,25,中西医结合治疗儿童哮喘急性发作的疗效评价及对免疫功能的影响
哮喘,26,中西医结合治疗咳嗽变异性哮喘52例疗效观察
哮喘,27,中西药物结合治疗支气管哮喘的临床疗效观察
哮喘,28,顺尔宁配合雾化吸入布地奈德混悬液与加减麻杏石甘汤联合治疗小儿支气管哮喘疗效观察
哮喘,29,支气管哮喘急性发作的中西医结合治疗
哮喘,30,对咳嗽变异性哮喘患儿进行中西医结合治疗的效果分析
哮喘,31,中西医结合治疗支气管哮喘的疗效观察
哮喘,32,中西医结合治疗儿童Ⅰ型糖尿病合并哮喘(阴虚痰饮型)验案1则
哮喘,33,咳嗽变异性哮喘的中医药治疗进展
哮喘,34,中西医结合诊治小儿咳嗽变异性哮喘
哮喘,35,中西医结合治疗冷哮型急性支气管哮喘50例临床观察
哮喘,36,中西医结合治疗对胃食管反流相关性哮喘肺功能的影响及疗效分析
哮喘,37,中西医结合治疗支气管哮喘(痰热郁肺)疗效观察
血小板减少症,1,中西医结合治疗血小板减少症的临床疗效
头痛,1,中西医结合治疗微血管减压术后头痛的效果研究
头痛,2,中西医结合治疗100例头痛患者的疗效观察
头痛,3,中西医结合治疗偏头痛的疗效观察及护理
头痛,4,基于多学科协作的头痛单元组建与运作分析
头痛,5,中西医结合治疗偏头痛的效果研究
头痛,6,中西医结合治疗腰硬联合麻醉术后头痛的疗效
头痛,7,中西医结合法用于治疗偏头痛患者的效果评价
头痛,8,中西医结合治疗顽固性头痛临床观察
头痛,9,李燕梅教授中西医结合治疗顽固性头痛验案2则
阑尾炎,1,中西医结合保守治疗慢性阑尾炎的临床体会
阑尾炎,2,中西医结合治疗妊娠并急性阑尾炎的预后分析
阑尾炎,3,中西医结合治疗阑尾炎性包块的临床效果分析
阑尾炎,4,中西医保守治疗阑尾炎的临床疗效
阑尾炎,5,中西医结合治疗急性阑尾炎疗效观察
阑尾炎,6,中西医结合治疗急性单纯性阑尾炎60例
骨质疏松症,1,中西医结合治疗老年骨质疏松症疼痛的临床观察
骨质疏松症,2,中西医结合治疗老年性骨质疏松症疗效分析
骨质疏松症,3,原发性骨质疏松症中西医结合治疗现状及研究进展
骨质疏松症,4,中西医结合治疗原发性骨质疏松症疗效观察
骨质疏松症,5,益肾地黄汤联合利塞膦酸钠治疗肾阳虚型绝经后骨质疏松症45例
骨质疏松症,6,骨质疏松症的中西医结合护理体会
骨质疏松症,7,中西医结合治疗糖尿病性骨质疏松症疗效观察
肛门直肠狭窄,1,中西医结合治疗肛门直肠狭窄的疗效分析
椎间盘突出症,1,中西医结合非手术治疗腰椎间盘突出症的护理体会
椎间盘突出症,2,中西医结合治疗腰椎间盘突出症382例
椎间盘突出症,3,中西医结合治疗腰椎间盘突出症患者的研究进展
椎间盘突出症,4,中西医结合应用于腰椎间盘突出症的治疗效果研究
椎间盘突出症,5,中西医结合治疗腰椎间盘突出症临床研究
椎间盘突出症,6,中西医结合保守治疗腰椎间盘突出症的疗效观察
椎间盘突出症,7,中西医结合治疗腰椎间盘突出症126例
椎间盘突出症,8,中西医结合治疗腰椎间盘突出症患者的临床疗效观察及对血清炎性因子的影响
胆结石,1,中西医结合护理对胆结石手术患者情绪及生活质量的影响分析
胆结石,2,中西医结合护理干预围术期胆结石患者临床效果观察
胆结石,3,中西医结合治疗胆结石的临床疗效分析
胆结石,4,中西医结合护理对胆总管切开取石术后患者胃肠功能及疲劳综合征的影响
咳嗽,1,中西医结合用药治疗小儿过敏性咳嗽的临床治疗体会
咳嗽,2,112例成人支气管肺炎(咳嗽)的中西医结合观察护理
咳嗽,3,中西医结合治疗感冒后咳嗽的临床疗效分析
咳嗽,4,社区医院中西医结合治疗呼吸道感染后咳嗽20例临床分析
咳嗽,5,中西医结合治疗小儿过敏性咳嗽35例临床观察
咳嗽,6,中西医结合治疗胃食管反流性咳嗽临床分析
咳嗽,7,儿童咳嗽变异性哮喘采用中西医结合治疗的临床疗效
昏迷,1,急诊内科抢救60例昏迷患者的临床诊断及中西医结合治疗效果
昏迷,2,中西医结合治疗急诊昏迷的临床效果研究
昏迷,3,中西医结合治疗急性呼吸衰竭造成昏迷患者苏醒的研究
消化不良,1,中西药结合治疗小儿消化不良性腹泻的效果观察
消化不良,2,中西医结合治疗脾胃湿热型功能性消化不良30例临床观察
消化不良,3,中西医结合治疗肝郁脾虚型功能性消化不良伴焦虑抑郁60例
消化不良,4,中西医结合治疗小儿消化不良
消化不良,5,中西医结合护理干预对功能性消化不良的临床疗效观察
消化不良,6,中西医结合治疗功能性消化不良43例
消化不良,7,中西医结合治疗功能性消化不良临床疗效累积meta分析
消化不良,8,中西医结合治疗功能性消化不良的临床价值分析
消化不良,9,中西医结合在功能性消化不良治疗中的研究进展
消化不良,10,中药治疗小儿功能性消化不良的研究进展
消化不良,11,中西医结合治疗功能性消化不良疗效观察
消化不良,12,中西医结合治疗功能性消化不良临床观察
消化不良,13,中西医结合治疗功能性消化不良的研究现状
消化不良,14,中西医结合治疗功能性消化不良的疗效分析
下肢静脉曲张,1,中西医结合治疗下肢静脉曲张研究近况
下肢静脉曲张,2,中西医结合治疗下肢静脉曲张疗效分析
腮腺炎,1,小儿流行性腮腺炎的中西医结合治疗进展
腮腺炎,2,小儿流行性腮腺炎中西医结合临床疗效观察
腮腺炎,3,中西医结合治疗小儿流行性腮腺炎的护理研究
心肌梗死,1,中西医结合治疗对心肌梗死PCI术后心肌再灌注及心功能的影响
心肌梗死,2,中西医结合治疗急性心肌梗死的临床疗效
心肌梗死,3,史大卓中西医结合治疗急性心肌梗死后左心室重构及左心房扩大案例二则
心肌梗死,4,中西医结合方法治疗急性心肌梗死的临床疗效
心肌梗死,5,急性心肌梗死恢复期患者中西医结合护理的效果分析
心肌梗死,6,中西医结合和优质护理对防治心肌梗死的疗效分析
心肌梗死,7,急性心肌梗死中西医结合诊疗分析
心肌梗死,8,中西医结合绿色通道对急性心肌梗死病人住院时间及不良事件发生率的影响
心肌梗死,9,中西医结合治疗急性心肌梗死合并心源性休克的临床观察
心肌梗死,10,中西医结合治疗心肌梗死后慢性心力衰竭伴频发室性期前收缩的临床疗效观察
心肌梗死,11,中西医结合治疗心肌梗死后心绞痛的临床效果观察
视神经萎缩,1,中西医结合治疗视神经萎缩的临床疗效观察
视神经萎缩,2,益肝复明汤联合西医治疗青光眼性视神经萎缩的临床疗效
视神经萎缩,3,中西医结合治疗青光眼视神经萎缩临床分析
胃炎,1,中西医结合在免疫性肝病合并胃炎的临床效果及安全性
胃炎,2,中西医结合治疗慢性萎缩性胃炎的临床观察
胃炎,3,中西医结合治疗慢性胃炎200例临床疗效分析
胃炎,4,中西医结合治疗慢性萎缩性胃炎疗效观察
胃炎,5,中西医结合治疗慢性浅表性胃炎肝胃不和型疗效观察
胃炎,6,中西医结合治疗慢性萎缩性胃炎伴肠上皮化生临床观察
胃炎,7,中西医结合治疗慢性胃炎Hp感染临床观察
胃炎,8,中西医结合治疗糜烂性胃炎临床观察
胃炎,9,中西医结合治疗胃炎42例的临床观察
胃炎,10,中西医结合治疗脾胃湿热型慢性胃炎临床研究
胃炎,11,中西医结合治疗慢性萎缩性胃炎的疗效观察
胃炎,12,慢性萎缩性胃炎的中西医结合治疗与护理体会
胃炎,13,中西医结合治疗慢性胃炎疗效观察
胃炎,14,清胃活血汤联合泮托拉唑钠治疗急性胃炎
胃炎,15,中西医结合法治疗胆汁反流性胃炎的临床疗效
胃炎,16,经方治疗急性肠胃炎220例临床观察
胃炎,17,中西医结合治疗肝胃郁热型慢性胃炎的临床观察及护理探讨
胃炎,18,中西医结合疗法治疗慢性胃炎的疗效观察
胃炎,19,中西医结合治疗慢性胃炎肝郁气滞证的临床研究
胃炎,20,中西医结合治疗幽门螺杆菌相关性胃炎
胃炎,21,中西医结合治疗萎缩性胃炎的临床疗效观察
胃炎,22,中西医结合治疗改善慢性萎缩性胃炎患者血清胃泌素-17、胃蛋白酶原水平临床研究
胃炎,23,中西医结合治疗胃炎及胃十二指肠溃疡的临床分析
胃炎,24,柴胡疏肝散联合西药治疗胆汁反流性胃炎随机平行对照研究
胃炎,25,中西医结合治疗幽门螺旋杆菌相关性慢性胃炎研究进展
胃炎,26,中西医结合治疗慢性胃炎伴糜烂的疗效观察
胃炎,27,中西医结合治疗慢性浅表性胃炎的临床疗效观察
胃炎,28,中西医结合治疗脾胃虚寒型慢性胃炎30例
胃炎,29,糜烂性胃炎的中医诊疗进展
胃炎,30,中西医结合治疗慢性胃炎疗效观察
胃炎,31,中西医结合治疗胆汁反流性胃炎疗效的观察
胃炎,32,中西医联合治疗急性肠胃炎的临床效果分析
胃炎,33,中西医结合治疗幽门螺旋杆菌相关慢性糜烂性胃炎的疗效观察
胃炎,34,中西医结合治疗胆汁反流性胃炎疗效观察
胃炎,35,探讨中西医结合治疗慢性胃炎的临床效果
胃炎,36,慢性胃炎的中西医结合治疗临床疗效评价
胃炎,37,中西医结合治疗慢性胃炎效果分析
胃炎,38,观察中西医联合治疗胃炎及胃十二指肠溃疡的临床效果
下肢动脉硬化性闭塞症,1,中西医结合治疗双下肢动脉硬化性闭塞症继发不安腿综合征1例报告
胃食管反流病,1,中西医结合治疗方案治疗胃食管反流病54例临床研究
胃食管反流病,2,疏肝健脾和胃方对难治性胃食管反流病患者食管黏膜PAR2及TRPV1蛋白表达的影响
消化性溃疡,1,中西医结合治疗老年消化性溃疡临床研究
消化性溃疡,2,中西医结合治疗消化性溃疡42例
消化性溃疡,3,中西医结合治疗消化性溃疡的疗效
消化性溃疡,4,社区消化性溃疡患者的临床治疗分析
消化性溃疡,5,李力强调理气机法治疗消化性溃疡经验介绍
消化性溃疡,6,中西医结合治疗消化性溃疡肝气犯胃型疗效观察
消化性溃疡,7,消化性溃疡中医药治疗研究进展
消化性溃疡,8,中西医结合治疗难治性消化性溃疡的临床疗效分析
消化性溃疡,9,中西医结合治疗消化性溃疡并出血的疗效观察
消化性溃疡,10,中西医结合治疗脾虚胃热型消化性溃疡临床观察
消化性溃疡,11,对幽门螺旋杆菌相关性消化性溃疡应用中西医联合疗法的效果观察
消化性溃疡,12,中西医结合治疗消化性溃疡60例
消化性溃疡,13,中西医结合治疗80例糖尿病合并消化性溃疡
盆腔炎,1,中西医结合治疗慢性盆腔炎合并盆腔积液40例总结
盆腔炎,2,中西医结合治疗妇科慢性盆腔炎临床分析
盆腔炎,3,盆腔炎性包块运用中西医结合治疗的临床分析
盆腔炎,4,中西医结合治疗慢性盆腔炎患者的护理体会及疗效观察
盆腔炎,5,中西医结合治疗慢性盆腔炎的护理观察
盆腔炎,6,中西医结合治疗慢性盆腔炎临床疗效
盆腔炎,7,中西医结合法治疗慢性盆腔炎的临床疗效观察
盆腔炎,8,中医药防治盆腔炎性疾病优势与证据研究进展
盆腔炎,9,中西医结合治疗急性盆腔炎湿热瘀结证临床研究
盆腔炎,10,曹保利中西医结合治疗盆腔炎性包块临床经验
盆腔炎,11,中西医结合法治疗慢性盆腔炎性疾病的临床疗效观察
盆腔炎,12,中西医结合治疗慢性盆腔炎疗效观察
盆腔炎,13,阿奇霉素联合妇康健合剂对支原体属感染性盆腔炎患者子宫血流动力学的影响
盆腔炎,14,中西医结合对比西药治疗120例盆腔炎的临床研究
盆腔炎,15,慢性盆腔炎妇科临床治疗效果观察
盆腔炎,16,中西医结合治疗慢性盆腔炎的疗效观察
盆腔炎,17,中西医结合对盆腔炎的临床治疗分析
盆腔炎,18,中西医结合治疗慢性盆腔炎的疗效观察
盆腔炎,19,慢性盆腔炎妇产科治疗效果的观察与分析
盆腔炎,20,慢性盆腔炎性疾病的治疗时机与方式、方法
盆腔炎,21,中西医结合治疗盆腔积液合并慢性盆腔炎临床观察
盆腔炎,22,中西综合治疗慢性盆腔炎140例分析
盆腔炎,23,中西医结合治疗慢性盆腔炎120例护理体会
盆腔炎,24,综合方案治疗慢性盆腔炎效果观察
盆腔炎,25,中西医结合治疗慢性盆腔炎的疗效观察
盆腔炎,26,中西医结合治疗妇科慢性盆腔炎38例观察
盆腔炎,27,中西医结合治疗慢性盆腔炎的妇产科临床探讨
肺癌,1,中晚期非小细胞肺癌患者采用中西医结合疗法的临床治疗效果研究
肺癌,2,原发性非小细胞肺癌不同姑息治疗方法的效果分析
肺癌,3,中西医结合治疗老年晚期非小细胞肺癌疗效及安全性探讨
肺癌,4,中西医结合疗法对老年晚期非小细胞肺癌临床疗效的影响分析
肺癌,5,中医药治疗肺癌的研究进展
肺癌,6,原发性肺癌合并糖尿病中西医结合临床治疗分析
肺癌,7,肺癌中西医结合护理经济效用浅析
肺癌,8,李平论治肺癌经验
肺癌,9,中西医结合疗法对老年晚期非小细胞肺癌临床疗效的影响
肺癌,10,中西医结合治疗老年晚期非小细胞肺癌疗效观察
肺癌,11,50例肺癌患者中西医结合治疗后舌脉象参数的变化
肺癌,12,中西医结合治疗小细胞肺癌41例
肺癌,13,原发性肺癌的中西医研究进展
肺癌,14,高萍教授治疗肺癌经验
肺癌,15,中西医结合治疗老年晚期非小细胞肺癌的效果
肺癌,16,益气除痰方对肺癌化疗患者全血细胞计数的影响
肺癌,17,中西医结合治疗老年晚期非小细胞肺癌疗效观察
肺癌,18,中西医结合治疗肺癌临床思路
肺癌,19,中西医结合治疗原发性支气管肺癌临床效果观察
肾病综合征,1,中西医结合治疗小儿原发性肾病综合征的系统评价与Meta分析
肾病综合征,2,中西医结合治疗原发性肾病综合征的疗效观察
肾病综合征,3,中西医联合治疗小儿肾病综合征的临床观察
肾病综合征,4,中西医结合防治女性肾病综合征复发的临床研究
肾病综合征,5,中西医结合治疗原发性肾病综合征水肿期有效性分析
肾病综合征,6,中西医结合治疗肾病综合征临床疗效观察
肾病综合征,7,用中西医结合疗法治疗原发性肾病综合征的效果分析
肾病综合征,8,小儿肾病综合征的中医认识及治疗进展
肾病综合征,9,汤水福中西医结合辨治原发性肾病综合征经验介绍
肾病综合征,10,中西医结合治疗原发性肾病综合征疗效观察
失眠症,1,抑郁性失眠症的治疗研究
流产,1,中西医结合治疗先兆流产和习惯性流产43例
流产,2,复发性流产的中西结合治疗的临床效果
流产,3,补肾益气方联合黄体酮治疗黄体功能不全所致自然流产临床观察
流产,4,使用中西医结合疗法治疗妊娠早期肾虚型先兆流产的效果观察
流产,5,中西医结合治疗复发性流产的研究进展
流产,6,先兆流产患者采用中西医结合保胎对分娩结局的影响
流产,7,中西医结合治疗对原因不明复发性流产患者性激素及外周血免疫细胞的影响
流产,8,中西医结合治疗肾虚型先兆流产44例
流产,9,中西医结合治疗早期先兆流产的临床观察
流产,10,复发性流产与生殖系统感染治疗
流产,11,流产导致阴道不规则出血患者治疗的效果分析
肝炎,1,中西医结合治疗慢性乙型肝炎合并非酒精性脂肪性肝炎的临床观察
肝炎,2,心理行为干预联合中西医治疗慢性乙型肝炎的临床效果观察
肝炎,3,中西医结合治疗乙型肝炎肝纤维化的理念
肝炎,4,中西医结合治疗慢性乙型肝炎疗效观察
肝炎,5,中西医结合治疗对乙型肝炎腹水患者生存质量的影响评价
肝炎,6,慢性病毒性肝炎重症化倾向期中西医结合诊疗方案临床效果
肝炎,7,慢性乙型重型肝炎早中期中西医结合治疗临床探讨
肝炎,8,中西医结合治疗成人巨细胞病毒合并EB病毒感染致急性肝炎1例报告
肿瘤,1,中西医结合护理措施在恶性肿瘤化疗后呕吐中的应用
肿瘤,2,研究中西医联合化疗治疗恶性肿瘤(失去手术机会或术后复发)的临床疗效
肿瘤,3,中西医结合对腹部肿瘤放化疗患者的临床影响观察与分析
肿瘤,4,谢广茹二元分类分阶段治疗肿瘤经验介绍
肿瘤,5,肿瘤中医治疗新理念 全程介入——访江苏省中西医结合医院肿瘤科主任医师、教授 霍介格
肿瘤,6,中西医结合治疗腹部肿瘤术后胃瘫的临床效果分析
肿瘤,7,中西医结合治疗脑肿瘤的临床护理研究进展
肿瘤,8,食管肿瘤中西医结合肠内营养支持效果研究
肿瘤,9,恶性肿瘤姑息治疗临床经验回顾
肿瘤,10,研究对肿瘤性贫血采用中西医结合治疗的临床疗效
肿瘤,11,谈中西医结合肿瘤学研究生的专业素养
肿瘤,12,中西医结合治疗恶性肿瘤临床效果及其预后情况分析
肿瘤,13,探讨中西医结合治疗恶性肿瘤的临床效果
肿瘤,14,中西医结合治疗恶性肿瘤骨转移的临床疗效分析
肿瘤,15,中西医结合姑息治疗恶性肿瘤的现状与展望
肿瘤,16,中医护理技术在恶性肿瘤患者临床应用现状调查及影响因素分析
肿瘤,17,中西医结合治疗恶性肿瘤化疗后白细胞减少症疗效观察
肿瘤,18,中西医结合治疗胃肠道肿瘤的效果分析
肿瘤,19,中西医结合治疗胃肠道肿瘤临床疗效分析
肿瘤,20,中西医结合治疗晚期恶性肿瘤疗效观察
肿瘤,21,中医药对晚期非小细胞肺癌患者血清肿瘤标志物的干预作用
肺炎,1,人性化护理干预联合自拟四子散热敷双肺腧穴在小儿肺炎患者中的应用效果
肺炎,2,中西医结合治疗高龄老人医院获得性肺炎的临床观察
肺炎,3,中西医结合治疗呼吸机相关性肺炎临床效果
肺炎,4,中西医结合治疗小儿肺炎支原体肺炎的临床观察
肺炎,5,中西医结合治疗婴幼儿肺炎克雷伯杆菌肺炎的效果及其对免疫功能的影响
肺炎,6,浅析用中西医结合疗法治疗小儿肺炎的临床效果
肺炎,7,中西药结合治疗婴幼儿支气管肺炎抗生素相关性腹泻的临床疗效观察
肺炎,8,清热化痰汤联合头孢唑肟钠治疗小儿支气管肺炎35例
肺炎,9,对支原体肺炎患儿实施中西医结合临床路径护理的效果探析
肺炎,10,中西医结合治疗呼吸机相关性肺炎的疗效探讨
肺炎,11,小儿肺炎的中西医结合及辅助治疗研究进展
肺炎,12,中西医结合治疗小儿肺炎支原体肺炎42例疗效观察
肺炎,13,肺炎支原体肺炎应用中西医结合治疗的临床研究
肺炎,14,中西医结合治疗小儿迁延性肺炎临床分析
肺炎,15,中西医结合(中药穴位贴敷联合阿奇霉素)治疗小儿支原体肺炎的临床疗效分析
肺炎,16,中西医结合治疗婴幼儿支气管肺炎效果观察
肺炎,17,益气化痰法对重症肺炎患者血清sTREM-1水平变化的研究
肺炎,18,中西医结合治疗小儿呼吸机相关性肺炎疗效分析
肺炎,19,中西医结合治疗水牛急性肺炎
肺炎,20,小儿病毒性肺炎的中医药治疗进展
肺炎,21,中西医结合治疗小儿支原体肺炎临床观察
肺炎,22,中西医结合治疗小儿支原体肺炎多中心疗效评价研究
肺炎,23,中医药防治社区获得性肺炎的文献研究
肺炎,24,中西医结合治疗对儿童支原体肺炎预后的影响观察
肺炎,25,加味麻杏石甘汤对小儿支原体肺炎痰热证临床症状的改善作用
肺炎,26,中西医结合护理在小儿吸入性肺炎中的应用
肺炎,27,加味麻杏石甘汤对小儿支原体肺炎痰热证的疗效研究
肺炎,28,中西医结合治疗呼吸机相关性肺炎临床研究
肺炎,29,依据中医“肺与大肠相表里”采用中西医结合治疗重症肺炎患儿疗效观察
肺炎,30,小儿病毒性肺炎80例中西医结合治疗的效果观察
肺炎,31,血必净治疗重症肺炎作用机制研究进展
肺炎,32,基于疗效优势的中医治疗社区获得性肺炎切入点的思考
肺炎,33,中西医结合治疗小儿支气管肺炎临床效果观察
肺炎,34,中西医结合治疗小儿支气管肺炎的临床分析
肺炎,35,卒中相关性肺炎研究进展
肺炎,36,中西医结合治疗老年肺炎吸收不良50例临床观察
肺炎,37,小儿支气管肺炎的临床诊治新进展
肺炎,38,小儿肺炎治疗过程中应用综合护理的临床效果分析
肺炎,39,中西医结合治疗社区获得性非重症肺炎72例疗效观察
肺炎,40,中西医结合治疗非小细胞肺癌放疗后急性放射性肺炎32例临床研究
肺炎,41,中西医治疗儿童支原体肺炎风热闭肺证60例
肺炎,42,中西医结合治疗重症肺炎患者的疗效观察
肺炎,43,中西医结合治疗支原体肺炎临床观察
肺炎,44,中西医结合治疗儿童大叶性肺炎36例临床观察
肺炎,45,中西医结合治疗小儿腺病毒性肺炎56例临床观察
肺炎,46,中西医结合治疗山羊传染性胸膜肺炎的体会
肺炎,47,中西医结合治疗重症肺炎致呼吸衰竭疗效及安全性评价
肺炎,48,中西医结合治疗呼吸机相关性肺炎患者的临床价值研究
艾滋病,1,中西医结合治疗艾滋病的机遇与挑战
便秘,1,中西医结合改善神经内科患者便秘的研究
便秘,2,中西医结合治疗重度直肠前突合并直肠内脱垂型便秘的临床研究
便秘,3,中西医结合护理预防胸腰椎骨折术后腹胀便秘的临床价值研究
便秘,4,生物反馈联合针灸及化瘀通便汤对盆底失弛缓型便秘的治疗效果
便秘,5,中西医结合治疗62例老年功能性便秘患者的疗效与安全性分析
便秘,6,吴文尧教授治疗便秘临床经验
便秘,7,中西医结合治疗老年性便秘的效果研究
便秘,8,中西医结合治疗习惯性便秘的效果研究
便秘,9,老年性便秘的中西医结合延续性护理探究
便秘,10,中西医对功能性便秘认识现状
乳腺增生,1,中西医结合治疗乳腺增生症的疗效与护理
乳腺增生,2,中西医结合治疗乳腺增生疗效观察
乳腺增生,3,对行中西医结合治疗的乳腺增生症患者实施中医护理的效果探析
肾功能衰竭,1,探讨中西医结合治疗糖尿病肾病慢性肾功能衰竭的疗效及护理方法
肾功能衰竭,2,中西医结合治疗慢性肾功能衰竭伴继发性甲状腺旁腺功能亢进骨病的临床疗效观察
肾功能衰竭,3,中西结合治疗中青年慢性肾功能衰竭概况
肾功能衰竭,4,中西医结合治疗慢性肾功能衰竭临床研究
肾功能衰竭,5,中西结合护理在老年肾功能衰竭患者血液透析治疗中的应用
肾功能衰竭,6,中西医结合治疗慢性肾功能衰竭的疗效观察
冠心病,1,中西医药物结合治疗高血压合并冠心病的临床疗效分析
冠心病,2,中西医结合治疗高血压合并冠心病临床研究
冠心病,3,中西医结合治疗冠心病急性心肌梗死患者的临床疗效及安全性
冠心病,4,浅谈中西医结合治疗老年冠心病合并肺心病的临床治疗体会
冠心病,5,中西医结合治疗冠心病心脉瘀阻型疗效观察
冠心病,6,冠心病合并心理障碍临床治疗方法的研究
冠心病,7,中西医结合治疗冠心病合并高血压患者的效果分析
冠心病,8,中西医结合治疗老年冠心病心衰的临床观察
冠心病,9,中西医结合联合体外反搏治疗对冠心病患者临床研究及对血清超氧化物歧化酶的影响
冠心病,10,冠心病中西医结合随机对照临床研究:进展与展望
冠心病,11,中西医结合治疗冠心病心律失常疗效观察
冠心病,12,中西医结合治疗冠心病的临床疗效及对内皮功能的影响
冠心病,13,心可舒片治疗冠心病合并焦虑抑郁状态疗效的Meta分析
冠心病,14,冠心病合并血脂异常的中西医研究进展
冠心病,15,中西医结合治疗冠心病的临床疗效及对内皮功能影响的探究
冠心病,16,中西医结合治疗冠心病心律失常的疗效观察及评估
冠心病,17,中西医结合治疗冠心病心绞痛60例临床疗效观察
冠心病,18,冠心病心绞痛心血管内科治疗的临床研究
冠心病,19,中西医结合治疗冠心病冠脉支架植入术后再发心绞痛临床分析
冠心病,20,中西医结合治疗冠心病心绞痛的临床分析
冠心病,21,中西医结合治疗缓解期冠心病心绞痛
冠心病,22,冠心病心绞痛的临床治疗及疗效初步评定与报告
冠心病,23,中西医结合治疗老年冠心病患者护理观察
冠心病,24,中西医结合治疗气阴两虚、痰热瘀阻型冠心病20例临床研究
冠心病,25,中西医结合治疗冠心病心绞痛的临床疗效观察
冠心病,26,病证结合治疗冠心病多中心随机对照临床研究
冠心病,27,中西医结合治疗冠心病不稳定型心绞痛临床观察
冠心病,28,中西医结合护理干预在冠心病护理中的应用探析
冠心病,29,中西医结合治疗冠心病54例临床分析
冠心病,30,中西医结合治疗冠心病气虚血瘀型疗效观察
冠心病,31,心竭宁方治疗冠心病慢性心力衰竭临床疗效观察
冠心病,32,中西医结合康复治疗冠心病PCI术后的临床效果观察
冠心病,33,中西医结合护理在冠心病介入治疗中的应用
冠心病,34,观察中西医结合护理对冠心病心绞痛患者疗效的影响
冠心病,35,中西医结合治疗100例冠心病心绞痛的疗效观察
冠心病,36,中西医结合治疗冠心病心绞痛
冠心病,37,探讨在冠心病心绞痛患者中应用中西医结合护理干预的效果
冠心病,38,中西医结合治疗冠心病心绞痛的疗效及应用优势探析
冠心病,39,探讨中西医结合治疗冠心病心绞痛的临床效果
冠心病,40,中西医结合对冠心病心绞痛的治疗体会
冠心病,41,中西医结合治疗对冠心病稳定型心绞痛的心绞痛发作次数及生活质量的影响
冠心病,42,中西医结合治疗冠心病心绞痛58例疗效观察
肛窦炎,1,中西医结合治疗肛窦炎的临床疗效观察
细菌性痢疾,1,细菌性痢疾的治疗效果观察
细菌性痢疾,2,中西医结合治疗小儿细菌性痢疾的临床效果分析
过敏性紫癜,1,循证中西医结合护理过敏性紫癜患儿效果分析
过敏性紫癜,2,中西医结合治疗儿童过敏性紫癜临床疗效观察
过敏性紫癜,3,中西医结合治疗小儿过敏性紫癜的护理效果分析
过敏性紫癜,4,小儿过敏性紫癜中西医结合护理体会
过敏性紫癜,5,孟鲁司特联合丹参酮对儿童过敏性紫癜患者血清炎症因子的影响及疗效观察
过敏性紫癜,6,中西医结合治疗胃肠积热所致小儿过敏性紫癜的临床观察
带下病,1,中医妇科学中带下病的中西医结合教学方法探析
中风,1,中西医结合治疗气虚血瘀型脑中风后遗症康复的临床观察
中风,2,中西医结合治疗中风后遗症疗效观察
中风,3,中西医结合护理在中风病中的应用效果评价
中风,4,中西医结合治疗缺血性中风恢复期痰瘀阻络证评分观察
中风,5,中西医结合治疗中风的临床疗效
中风,6,对中风病气虚血瘀证患者实施中西医结合康复护理干预的效果分析
中风,7,中西医结合康复护理干预在中风气虚血瘀证中的应用效果
中风,8,研究对缺血性中风进行中西医结合治疗的临床效果
中风,9,五位一体护理模式在脑中风患者中的应用
中风,10,中西医结合治疗缺血性脑中风的疗效及对血液流变学指标的影响分析
中风,11,中西医结合治疗缺血性脑中风疗效探讨及其对血液流变学影响的临床观察
中风,12,中西医结合治疗风痰瘀血痹阻脉络型中风临床观察
中风,13,中风后遗症患者中西医结合护理体会
中风,14,中西医结合治疗缺血性中风急性期30例疗效观察
中风,15,中西医结合治疗缺血性中风气虚血瘀型临床观察
中风,16,中西医结合治疗气虚血瘀型中风临床观察
湿疹类皮肤病,1,中西医结合治疗皮炎湿疹类皮肤病100例临床研究
烟酸缺乏症,1,龚丽萍中西医结合治疗烟酸缺乏症1例报道
药疹,1,中西医结合治疗大疱性表皮松解坏死型药疹1例临床报道
脑卒中,1,半夏白术天麻汤加减联合依达拉奉治疗急性缺血性脑卒中疗效分析
脑卒中,2,中西医结合治疗缺血性脑卒中失眠症疗效观察
脑卒中,3,中西医结合治疗缺血性脑卒中的疗效观察
脑卒中,4,中西医结合治疗脑卒中后痉挛性偏瘫阴虚风动型临床分析
脑卒中,5,中西医结合治疗缺血性脑卒中疗效观察
脑卒中,6,脑卒中偏瘫病人康复期中西医结合护理的康复效果观察
脑卒中,7,中西医结合治疗缺血性脑卒中的临床疗效
脑卒中,8,中西医结合治疗急性缺血性脑卒中疗效观察
脑卒中,9,中医药治疗脑卒中进展
脑卒中,10,中西医治疗缺血性脑卒中的研究进展
脑卒中,11,中西医结合治疗脑卒中后早期心理康复与肢体功能恢复的相关研究
脑卒中,12,脑卒中恢复期患者康复护理路径的构建与应用
脑卒中,13,中西医结合治疗急性缺血性脑卒中的疗效及对血清超敏C反应蛋白与血液流变学指标的影响
脑卒中,14,中西医结合治疗缺血性脑卒中88例临床总结
脑卒中,15,浅谈中西医结合治疗对急性缺血性脑卒中患者预后的影响效果
脑卒中,16,"中西医结合治疗对急性缺血性脑卒中患者TNF-α,hs-CRP,IL-6和神经功能的影响"
慢性阻塞性肺疾病,1,中西医结合治疗慢性阻塞性肺疾病急性加重期的临床疗效
慢性阻塞性肺疾病,2,中西医结合健康教育路径在老年慢性阻塞性肺疾病中的护理干预
慢性阻塞性肺疾病,3,中西医结合治疗COPD急性加重期90例疗效分析
慢性阻塞性肺疾病,4,中西医结合治疗慢性阻塞性肺疾病导致呼吸衰竭的临床研究
慢性阻塞性肺疾病,5,中西医结合治疗慢性阻塞性肺疾病急性加重期疗效观察
慢性阻塞性肺疾病,6,中西医结合治疗慢性阻塞性肺疾病急性加重期痰热壅肺证疗效观察
慢性阻塞性肺疾病,7,中西医结合治疗慢性阻塞性肺疾病并呼吸衰竭的临床研究
慢性阻塞性肺疾病,8,中西医结合治疗慢性阻塞性肺疾病急性发作期呼吸衰竭的临床观察
慢性阻塞性肺疾病,9,中西医结合治疗寒饮内停型慢性阻塞性肺疾病急性发作期的疗效观察
慢性阻塞性肺疾病,10,中西医结合治疗慢性阻塞性肺疾病急性发作期45例
慢性阻塞性肺疾病,11,中西医结合治疗煤工尘肺合并慢性阻塞性肺疾病的效果
慢性阻塞性肺疾病,12,中西医结合治疗慢性阻塞性肺疾病临床疗效分析
慢性阻塞性肺疾病,13,中西医结合治疗慢性阻塞性肺疾病的疗效及对免疫功能的影响
慢性阻塞性肺疾病,14,温阳活血法对慢性阻塞性肺疾病缓解期患者肺功能及炎症因子的影响
慢性阻塞性肺疾病,15,中西医结合治疗慢性阻塞性肺疾病急性加重期临床研究
慢性阻塞性肺疾病,16,中西医结合治疗慢性阻塞性肺疾病合并肺部感染的临床疗效观察
慢性阻塞性肺疾病,17,中西医结合治疗慢性阻塞性肺疾病急性加重期疗效观察
慢性阻塞性肺疾病,18,中西医结合治疗慢性阻塞性肺疾病疗效观察
慢性阻塞性肺疾病,19,中西医结合治疗慢性阻塞性肺疾病稳定期30例临床观察
慢性阻塞性肺疾病,20,中西医结合治疗慢性阻塞性肺疾病急性加重期疗效观察
慢性阻塞性肺疾病,21,中西医结合治疗慢性阻塞性肺疾病临床研究
慢性阻塞性肺疾病,22,中西医治疗慢性阻塞性肺疾病加重期临床研究进展
胃癌,1,中西医结合治疗中晚期胃癌64例报告
胃癌,2,中西医结合治疗中晚期胃癌的疗效分析
胃癌,3,李佩文教授防治胃癌经验总结
胃癌,4,探讨中西医结合治疗中晚期胃癌患者的临床疗效
胃癌,5,中西医结合治疗中晚期胃癌42例
胃癌,6,中西医结合在胃癌术后护理中的效果研究
心肌炎,1,小儿病毒性心肌炎中西医治疗临床疗效
心肌炎,2,儿童病毒性心肌炎的诊断和治疗
心肌炎,3,中西医结合治疗病毒性心肌炎疗效观察
心肌炎,4,中西医结合治疗小儿病毒性心肌炎护理体会
心肌炎,5,中西医结合治疗心肌炎的疗效观察
心肌炎,6,中西医结合治疗小儿急性病毒性心肌炎临床研究
心肌炎,7,中西医结合治疗小儿心肌炎临床疗效观察
足癣,1,中西医结合治疗角化鳞屑型足癣80例
产后缺乳,1,中西医结合护理干预对产后缺乳的护理效果观察
肝性脑病,1,肝性脑病的中西医结合护理体会
尿失禁,1,中西医结合治疗联合护理干预对绝经期女性压力性尿失禁的效果观察
尿失禁,2,中西医结合治疗与护理防治经尿道前列腺电切术后尿失禁的临床研究
痛风,1,中西医结合分期综合防治方案对痛风患者生活质量的影响
痛风,2,从整合医学论痛风病的综合治疗
痛风,3,中西医结合治疗急性上消化道出血合并急性痛风1例
痛风,4,中西医结合治疗痛风性肾病30例
痛风,5,急性痛风性关节炎中西医治疗研究进展
痛风,6,中西医结合分期综合治疗痛风性关节炎的随机对照临床研究
痛风,7,中西医结合治疗痛风病88例报告
痛风,8,中西医结合治疗痛风性关节炎研究现状
痛风,9,中西医结合治疗痛风性关节炎疗效观察
眩晕,1,升阳活血汤联合盐酸氟桂利嗪胶囊治疗后循环缺血性眩晕的临床疗效分析
眩晕,2,老年眩晕患者采用中西医联合护理的临床效果分析
眩晕,3,半夏白术天麻汤联合西药治疗痰浊中阻椎-基底动脉供血不足性眩晕随机平行对照研究
眩晕,4,中西医结合治疗颈性眩晕内科分析
眩晕,5,老年高血压性眩晕患者采用中西医结合治疗的效果分析
眩晕,6,中西医结合治疗眩晕临床观察
眩晕,7,中西医结合治疗眩晕症150例
眩晕,8,中西医结合疗法用于眩晕疾病治疗的效果探究
眩晕,9,基于中西医结合下的内耳眩晕症治疗研究
膜性肾病,1,中西医结合治疗特发性膜性肾病的临床研究
足跟痛症,1,中西医结合治疗足跟痛症临床疗效分析
川崎病,1,中西医结合治疗川崎病的临床效果
川崎病,2,中西医结合治疗川崎病疗效评价
肾炎,1,3例急性肾盂肾炎中西医结合诊疗体会
肾炎,2,中西医结合治疗过敏性紫癜性肾炎30例
支气管炎,1,中西医结合护理干预对慢性支气管炎患者效果及生活质量的影响
支气管炎,2,中西医结合治疗毛细支气管炎疗效观察
支气管炎,3,中西医结合治疗慢性支气管炎临床效果观察
支气管炎,4,中西医结合治疗学龄前儿童急性支气管炎108例
支气管炎,5,中西医结合治疗慢性支气管炎急性发作期的效果分析
支气管炎,6,中西医结合方法治疗急性气管-支气管炎临床疗效观察
支气管炎,7,中西医结合治疗风热犯肺证小儿急性支气管炎41例临床观察
支气管炎,8,中西医联合治疗喘息型支气管炎80例临床疗效观察
支气管炎,9,中西医结合治疗小儿急性支气管炎临床观察
银屑病,1,“从血论治”联合阿维A治疗寻常型银屑病疗效观察
银屑病,2,银屑病的中西医结合治疗综合护理分析
银屑病,3,中西医结合三联疗法治疗寻常型银屑病疗效观察
银屑病,4,寻常型银屑病的中西医结合治疗和护理
银屑病,5,中西医结合疗法治疗银屑病临床疗效及对生活质量的影响研究
银屑病,6,中西医结合治疗银屑病的临床效果观察
银屑病,7,中西医结合治疗18例泛发性脓疱型银屑病的体会
银屑病,8,中西医结合辨证治疗银屑病50例疗效观察
银屑病,9,中西医结合治疗红皮病型银屑病疗效观察
疱疹,1,针灸综合疗法治疗急性期带状疱疹膝状神经节综合征研究进展
疱疹,2,中西医结合治疗2型糖尿病合并带状疱疹临床观察
疱疹,3,中西医结合治疗带状疱疹的临床效果
疱疹,4,中西医结合治疗单纯性疱疹疗效观察的体会
疱疹,5,中西医结合治疗生殖器疱疹42例
疱疹,6,中西医结合治疗单纯疱疹病毒性角膜炎的护理分析
疱疹,7,中西医结合治疗疱疹性咽峡炎的临床观察
疱疹,8,中西医结合治疗单纯性疱疹病毒性角膜炎的临床研究
蕈样肉芽肿,1,中西医结合治疗泛发性红皮病型蕈样肉芽肿1例
增生性疤痕,1,观察中西医结合治疗增生性疤痕的临床特点
干眼症,1,中西医结合治疗干眼症结合癫痫临床疗效分析
干眼症,2,中西医结合护理干预对干眼症患者的影响效果评价
干眼症,3,中西医结合治疗微切口白内障超声乳化人工晶体植入术后干眼症36例
干眼症,4,中药热敷联合人工泪液治疗干眼症的效果观察
干眼症,5,中西医结合治疗干眼症疗效观察
干眼症,6,中西医结合治疗TansPRK术后干眼症的临床及护理观察
干眼症,7,中西医结合在泪液缺乏型干眼症中的应用效果及药物不良反应
干眼症,8,分析中西医结合方法治疗干眼症的临床效果
干眼症,9,中西医结合治疗中青年睑板腺功能障碍所致干眼症68例观察
干眼症,10,浅析中西医结合治疗干眼症结合抑郁症临床效果
干眼症,11,中西医治疗干眼症现状及展望
干眼症,12,中西医结合治疗干眼的有效性和安全性分析
肝衰竭,1,中西医结合治疗肝衰竭研究进展
肝衰竭,2,中西医结合治疗对亚急性肝衰竭人工肝支持术后T淋巴细胞和血氨的影响
视神经乳头炎,1,中西医结合治疗急性视神经乳头炎58例
子宫出血,1,经阴道超声观察中西医结合治疗功能失调性子宫出血的临床效果分析
子宫出血,2,中西医结合治疗功能性子宫出血的效果观察
子宫出血,3,中西医结合治疗围绝经期功能性子宫出血临床观察
子宫出血,4,中西医结合治疗排卵功能失调性异常子宫出血的疗效分析
子宫出血,5,中西医结合治疗更年期功能性子宫出血的疗效观察
IgA肾病,1,2683例IgA肾病患者临床特征及用药规律分析
IgA肾病,2,中医与中西医结合治疗IgA肾病的效果对比分析
IgA肾病,3,槐雪肾舒合剂辅助治疗IgA肾病疗效观察
IgA肾病,4,探讨中西医结合治疗肾病综合征表现的IgA肾病临床观察
IgA肾病,5,益肾活血祛风湿联合西药治疗IgA肾病远期疗效的临床研究
脑梗死,1,中西医结合治疗方案在脑梗死患者救治中的应用效果评价
脑梗死,2,中西医结合治疗2型糖尿病合并脑梗死临床研究
脑梗死,3,中西医结合治疗急性脑梗死临床观察
脑梗死,4,中医辨证分型治疗急性脑梗死的临床效果观察
脑梗死,5,中西医结合治疗急性脑梗死痰瘀阻络证40例临床研究
脑梗死,6,中西医结合治疗气虚血瘀型急性脑梗死的临床疗效
脑梗死,7,中西医结合治疗脑梗死的临床效果观察
脑梗死,8,中西医结合卒中单元管理模式对脑梗死急性期患者智能障碍恢复的临床观察
脑梗死,9,中西医结合治疗脑梗死急性期疗效及安全性评价
脑梗死,10,中西医结合治疗脑梗死72例疗效观察
脑梗死,11,中西医联合康复护理治疗急性脑梗死的临床观察
脑梗死,12,中西医结合治疗大面积脑梗死及早期脑出血患者的临床效果
脑梗死,13,中西医结合对急性脑梗死患者疗效及血清MCP-1、BDNF水平的影响
脑梗死,14,补阳还五汤联合阿托伐他汀配合康复疗法治疗脑梗死患者的疗效观察
脑梗死,15,Neuro DSA CT评价中西医结合治疗分水岭脑梗死疗效
脑梗死,16,中西医结合治疗脑梗死恢复期患者35例临床观察
脑梗死,17,不同方法治疗大面积脑梗死的疗效分析
脑梗死,18,中西医结合治疗脑梗死后焦虑症临床观察
脑梗死,19,中西医结合护理在提升老年脑梗死患者生活质量中的应用
脑梗死,20,针刺与温胆汤联合西药治疗脑梗死恢复期随机平行对照研究
脑梗死,21,羊藿三七胶囊治疗脑梗死的临床疗效观察
脑梗死,22,中西医结合治疗脑梗死疗效观察
脑梗死,23,中西医结合治疗急性脑梗死气虚血瘀证疗效观察
脑梗死,24,中西医结合治疗对脑梗死病人血液流变学、超氧化物歧化酶活性和神经功能的影响
脑梗死,25,中西医结合治疗脑梗死恢复期的临床观察
脑梗死,26,中西医结合法治疗动脉硬化性脑梗死的效果观察
动脉粥样硬化与血脂异常,1,"遵循专家共识,开创心血管病中西医防治新局面——访新疆医科大学副校长、新疆医科大学中医学院院长安冬青教授"
蛇串疮,1,中西医联合治疗蛇串疮的效果
失眠,1,中西医结合治疗失眠的临床疗效观察
失眠,2,中西医结合治疗痰热内扰型失眠疗效观察
失眠,3,中西医结合治疗阴虚火旺型失眠症的临床观察
失眠,4,中西医结合团体心理治疗对顽固性失眠患者疗效研究
失眠,5,李应东教授中西医结合治疗OSAHS引发失眠经验撷英
失眠,6,中西医结合治疗慢性汞中毒致失眠的临床疗效观察
失眠,7,中西医结合治疗失眠症的临床疗效观察
失眠,8,中西医结合治疗慢性失眠及戒除镇静剂成瘾后患者睡眠质量、多导睡眠图的变化
变应性鼻炎,1,变应性鼻炎的临床治疗
变应性鼻炎,2,中西医结合治疗常年性变应性鼻炎效果观察
变应性鼻炎,3,中西医结合治疗儿童变应性鼻炎致上气道咳嗽综合征疗效分析
癫痫,1,中西医结合治疗脑血管继发癫痫的临床效果观察
癫痫,2,中西医结合治疗癫痫疗效观察
癫痫,3,成人癫痫应用中西医结合治疗的临床效果研究
癫痫,4,中西医结合抗痫综合方案治疗癫痫的临床效果观察
急性膝关节滑囊炎,1,中西医结合治疗急性膝关节滑囊炎的影像学评价
湿疹,1,中西医结合疗法治疗婴幼儿湿疹的临床有效性评价
湿疹,2,中西医结合治疗慢性湿疹临床观察
湿疹,3,中西医结合治疗72例血虚风燥型手足部湿疹患者的临床观察
湿疹,4,中西医结合治疗急性湿疹42例
湿疹,5,难治性泛发性慢性湿疹中西医结合诊疗体会
湿疹,6,中西医结合治疗手部皴裂性湿疹临床观察
湿疹,7,中西医结合治疗慢性湿疹临床疗效观察
湿疹,8,中西医结合治疗亚急性湿疹疗效及安全性评价
湿疹,9,中西医结合治疗烧伤后湿疹临床疗效观察
湿疹,10,中西医结合疗法治疗肛周湿疹50例临床观察
水肿,1,白内障超声乳化吸除术后黄斑囊样水肿的中医治疗进展
水肿,2,中西医结合治疗心衰水肿34例临床观察
水肿,3,中西医结合治疗髋关节骨髓水肿疗效观察
激素依赖性皮炎,1,杨雪源教授治疗激素依赖性皮炎经验探析
高热,1,小儿高热惊厥的中西医结合治疗
高热,2,中西医结合治疗小儿病毒性感冒高热的临床效果观察
急性肾炎,1,中西医结合治疗急性肾炎的疗效观察
腰椎间盘突出,1,中西医结合治疗腰椎间盘突出急性发作临床疗效观察
腰椎间盘突出,2,中西医结合保守治疗腰椎间盘突出症临床观察
腰椎间盘突出,3,中西医结合治疗腰椎间盘突出症效果观察及护理体会
腰椎间盘突出,4,不同疗法应用于腰椎间盘突出症的临床疗效对比
腰椎间盘突出,5,中西医治疗腰椎间盘突出症效果分析
腰椎间盘突出,6,中西医结合治疗腰椎间盘突出症的临床效果观察
腰椎间盘突出,7,中西医结合治疗腰椎间盘突出症80例效果评估
腰椎间盘突出,8,腰椎间盘突出症患者生命质量的比较评价
急性化脓性骨髓炎,1,中西医结合治疗急性化脓性骨髓炎初期临床观察
小儿慢性咽炎,1,中西医结合治疗小儿慢性咽炎的效果
围绝经期综合征,1,围绝经期综合征患者的中西医治疗
血栓,1,中西医结合治疗早中期血栓闭塞性脉管炎疗效观察
血栓,2,中西医结合治疗脑血栓的疗效观察
血栓,3,中西医结合治疗2期以上血栓闭塞性脉管炎54例疗效评价
血栓,4,中西医结合治疗肺血栓栓塞症24例护理体会
血栓,5,中西医结合预防髋周骨折术后深静脉血栓的效果
黄褐,1,中西医结合治疗黄褐斑临床观察
黄褐,2,中西医结合治疗黄褐斑疗效评估
黄褐,3,中西医结合治疗女性黄褐斑疗效观察
肺结核,1,中西医结合治疗肺结核咯血临床观察
肺结核,2,对2种中西医结合的化疗方案治疗老年初治肺结核的疗效及安全性比较
肺结核,3,中西医结合治疗肺结核的临床观察
肺结核,4,中西医结合治疗耐多药肺结核50例疗效观察
肺结核,5,探讨采用中西医结合的方法在临床上治疗肺结核顽固性咯血的效果
肺结核,6,中西医结合联合支气管镜局部灌注治疗空洞型肺结核临床观察
肺结核,7,中西医结合治疗方案对肺结核肺阴虚证患者生活质量的影响
面瘫,1,中西医结合治疗静止期周围性面瘫30例
面瘫,2,中西医结合治疗贝尔氏面瘫疗效观察
面瘫,3,中西医结合治疗周围性面瘫12例的临床心得
宫腔粘连,1,中西医结合治疗中、重度宫腔粘连临床观察
宫腔粘连,2,中西医结合治疗宫腔粘连45例临床观察
甲状腺功能亢进症,1,中西医结合治疗甲状腺功能亢进症观察与护理
甲状腺功能亢进症,2,探析中西医结合疗法治疗甲状腺功能亢进症的临床疗效及安全观察
角膜溃疡,1,真菌性角膜溃疡治疗的研究进展
抑郁症,1,中西医结合治疗围绝经期重度抑郁症的效果分析
抑郁症,2,中西医结合治疗抑郁症的疗效及对患者血清单胺类神经递质的影响
抑郁症,3,中西医结合治疗精神病性症状抑郁症效果观察
抑郁症,4,中西医结合治疗抑郁症伴心脏神经症74例
白癜风,1,中西医结合治疗气滞血瘀型白癜风30例
白癜风,2,中西医结合治疗白癜风疗效的Meta分析
白癜风,3,中西医治疗儿童白癜风的研究进展
角膜内皮炎,1,中西医结合治疗角膜内皮炎疗效观察
下肢静脉功能不全,1,柳国斌教授中西医结合治疗原发性下肢静脉功能不全经验初识
反复呼吸道感染,1,清燥救肺汤加减联合西药治疗对反复呼吸道感染患儿血清免疫球蛋白及症状积分的影响
反复呼吸道感染,2,中西医结合治疗小儿支气管哮喘合并反复呼吸道感染效果分析
痛经,1,中西医联合治疗子宫腺肌症痛经评价
痛经,2,中西医结合治疗原发性痛经疗效观察
痛经,3,中西医结合治疗原发性痛经效果观察及护理
肝癌,1,原发性肝癌中西医结合治疗进展
肝癌,2,中西医结合治疗原发性肝癌40例临床疗效观察
肝癌,3,中晚期乙肝病毒性肝癌患者经中西医结合治疗的临床效果探讨
肝癌,4,中西医结合治疗原发性肝癌的临床疗效分析
肝癌,5,综合护理干预在中西医结合治疗肝癌疼痛中的实施效果研究
肝癌,6,中西医结合治疗肝癌晚期患者的护理对策
肝癌,7,73例中晚期肝癌患者的证候规律及疗效特点的初步研究
椎基底动脉硬化,1,中西医结合治疗椎基底动脉硬化致脑供血不足临床观察
结石性脓肾,1,中西医结合微创手术治疗结石性脓肾的术后并发症及疗效观察
股骨头坏死,1,中西医结合治疗早期缺血性股骨头坏死疗效观察
股骨头坏死,2,中西医结合治疗FicatI、Ⅱ期股骨头坏死疗效的Meta分析
股骨头坏死,3,中西医结合治疗早期股骨头坏死临床疗效分析
更年期综合征,1,中西医结合治疗更年期综合征新进展
更年期综合征,2,更年安神开郁方联合西药治疗肾虚肝郁型更年期综合征临床观察
肝纤维化,1,中西医结合治疗肝纤维化的效果观察与分析
肝纤维化,2,论述肝纤维化的中西医结合诊疗进展
多囊卵巢综合征,1,中西医结合治疗多囊卵巢综合征30例观察
多囊卵巢综合征,2,中西医结合治疗多囊卵巢综合征疗效分析
多囊卵巢综合征,3,中西医结合治疗多囊卵巢综合征48例
多囊卵巢综合征,4,青春期多囊卵巢综合征中西医研究进展
多囊卵巢综合征,5,孙贵香中西医结合治疗多囊卵巢综合征经验
多囊卵巢综合征,6,中西医结合治疗多囊卵巢综合征胰岛素抵抗的临床观察
多囊卵巢综合征,7,中西医结合治疗多囊卵巢综合征不孕临床疗效观察
多囊卵巢综合征,8,中西结合治疗克罗米芬无反应多囊卵巢综合征50例的临床思路构建
多囊卵巢综合征,9,中西医结合治疗多囊卵巢综合征致月经失调的临床疗效观察
多囊卵巢综合征,10,中西医结合治疗多囊卵巢综合征观察与护理
多囊卵巢综合征,11,多囊卵巢综合征药物治疗的研究概况
多囊卵巢综合征,12,中西医结合治疗多囊卵巢综合征所致不孕症的临床观察
多囊卵巢综合征,13,多囊卵巢综合征中西医治疗临床研究进展
压疮,1,压疮的中西医结合护理体会
压疮,2,中西医结合疗法对压疮的治疗与护理观察
毛细支气管炎,1,小儿毛细支气管炎中西医综合疗法的疗效及预后分析
毛细支气管炎,2,小儿毛细支气管炎应用中西医结合治疗的临床疗效研究
毛细支气管炎,3,中西医结合治疗小儿毛细支气管炎临床研究
异位妊娠,1,中西医结合三联疗法对异位妊娠保守治疗后输卵管通畅度的影响
异位妊娠,2,中西医结合保守治疗异位妊娠的护理体会
异位妊娠,3,系统评价活血化瘀中药治疗异位妊娠疗效观察
异位妊娠,4,异位妊娠中医临床治疗的前景展望
异位妊娠,5,超声检查在异位妊娠患者的早期诊断和中西医结合治疗疗效判断中的价值研究
异位妊娠,6,宫内环合并异位妊娠中西医结合保守治疗29例分析
异位妊娠,7,中西医联合保守治疗异位妊娠24例临床观察
异位妊娠,8,中西医结合治疗异位妊娠疗效观察
异位妊娠,9,中西医结合治疗宫内合并异位妊娠1例
异位妊娠,10,中西医结合保守治疗异位妊娠的疗效观察
异位妊娠,11,中西医保守治疗异位妊娠的疗效观察
异位妊娠,12,中西医结合护理在异位妊娠护理中的应用
下肢深静脉血栓,1,下肢深静脉血栓形成中西医研究进展
下肢深静脉血栓,2,中医治疗下肢深静脉血栓形成进展
下肢深静脉血栓,3,中西医结合治疗妇产科手术下肢深静脉血栓形成临床分析
下肢深静脉血栓,4,中西医结合预防膝、髋关节置换术后下肢深静脉血栓有效性的Meta分析
下肢深静脉血栓,5,下肢深静脉血栓形成的中西医结合治疗进展
妊娠剧吐,1,维生素B_(12)耳穴注射中西医结合治疗妊娠剧吐的临床研究
妊娠剧吐,2,中医外治配合治疗妊娠剧吐疗效分析
创伤骨科疾病,1,中西医结合治疗创伤骨科疾病疗效观察
胃溃疡,1,中西医结合治疗胃溃疡的效果分析
胃溃疡,2,黄芪建中汤加减合西药治疗脾胃虚寒型胃溃疡38例
胃溃疡,3,探讨中西医结合疗法治疗胃溃疡的效果
胃溃疡,4,中西医结合治疗胃溃疡疗效分析
胃溃疡,5,中西医结合治疗胃溃疡的效果及安全性分析
胃溃疡,6,中西医结合治疗胃溃疡的疗效观察
胃溃疡,7,中西医结合治疗慢性胃溃疡临床分析
脑血管病,1,中西医结合治疗脑血管病所致抑郁的临床效果观察
脑血管病,2,中西医结合治疗老年人心脑血管病用药研究
脑血管病,3,中西医结合综合治疗脑血管病顽固性呃逆的临床效果观察
脑血管病,4,老年脑血管病顽固性呃逆的中西医结合治疗及护理干预
髌骨软化症,1,髌骨软化症中西医治疗进展
宫内组织残留,1,超声检查在中西医结合治疗宫内组织残留疗效评价中的应用
结肠癌,1,中西医结合治疗对中晚期结肠癌患者生活质量的影响
结肠癌,2,中西医结合治疗晚期结肠癌的临床疗效
脑出血,1,脑出血急性期中西医结合治疗对患者康复的影响
脑出血,2,中西医结合治疗脑出血急性期脑损伤疗效分析
脑出血,3,中西医结合治疗脑出血的疗效分析与研究
脑出血,4,中西医结合医护措施对急诊高血压脑出血患者血肿吸收及神经功能恢复影响
脑出血,5,中西医结合疗法应用于脑出血急性期治疗中的临床效果观察
脑出血,6,中西医结合疗法在脑出血急性期治疗中的应用
脑出血,7,中西医结合方法治疗高血压脑出血的效果
脑出血,8,脑出血显微术后患者应用中西医结合护理干预对其康复的临床效果
脑出血,9,中西医结合治疗脑动脉瘤破裂后脑出血的疗效及安全性评价
脑出血,10,中医治疗高血压性脑出血研究进展
脑出血,11,中西医结合治疗急性脑出血康复的临床观察
小儿肠系膜淋巴结炎,1,中药辅助抗菌药治疗小儿肠系膜淋巴结炎的Meta分析
脑缺血,1,中西医结合治疗短暂性脑缺血发作的疗效观察
十二指肠球部溃疡,1,中西医结合治疗十二指肠球部溃疡并出血的临床疗效研究
十二指肠球部溃疡,2,中西医结合治疗十二指肠球部溃疡活动期临床观察
脂溢性皮炎,1,中西医结合治疗面部脂溢性皮炎60例
食管炎,1,中西医结合治疗反流性食管炎临床研究
食管炎,2,探讨中西医结合治疗反流性食管炎的临床有效性
食管炎,3,急性放射性食管炎临床研究进展
新生儿硬肿症,1,中西医结合治疗及护理新生儿硬肿症的疗效观察
关节结核,1,中西医结合护理活动性关节结核患者的体会
狼疮性肾炎,1,狼疮性肾炎的中西医结合分期治疗最新进展
狼疮性肾炎,2,益肾化湿颗粒联合吗替麦考酚酯治疗狼疮性肾炎效果观察
狼疮性肾炎,3,狼疮性肾炎的中西医结合治疗进展
狼疮性肾炎,4,中西医结合治疗狼疮性肾炎的系统评价
Coats病,1,中西医结合治疗成年Coats病1例
青光眼,1,中西医结合协同护理模式对青光眼术后患者自我护理能力和生活质量影响
青光眼,2,益气活血汤结合西药治疗青光眼术后疗效观察
青光眼,3,中西医结合治疗青光眼视神经萎缩疗效观察
青光眼,4,中西医结合治疗青光眼-睫状体炎综合征临床分析
桥本甲状腺炎,1,中西医结合治疗桥本甲状腺炎临床研究
丹毒,1,中西医结合治疗下肢丹毒回顾性研究
丹毒,2,复方银翘解毒合剂治疗水疱性丹毒的疗效分析
丹毒,3,中西医结合治疗丹毒60例的对比研究
结直肠癌,1,中医药治疗Ⅳ期结直肠癌中医证候及用药规律文献研究
结直肠癌,2,中西医结合治疗中晚期结直肠癌临床观察
结直肠癌,3,中医药辅助治疗结直肠癌研究进展
结直肠癌,4,中医综合治疗干预Ⅲ-Ⅳ期结直肠癌的临床研究
口腔溃疡,1,基于消化道相关性口腔溃疡的中西医临床研究
口腔溃疡,2,对复发性口腔溃疡患者进行中西医结合治疗的效果研究
口腔溃疡,3,中西医结合治疗复发性口腔溃疡疗效探究
口腔溃疡,4,中西医结合治疗复发性口腔溃疡疗效观察
口腔溃疡,5,中西医结合治疗复发性口腔溃疡的临床分析
口腔溃疡,6,中西医结合治疗复发性口腔溃疡的临床观察
口腔溃疡,7,中西医结合治疗口腔溃疡的临床效果分析
口腔溃疡,8,中西医结合治疗复发性口腔溃疡临床观察
口腔溃疡,9,中西医结合治疗复发性口腔溃疡的临床分析
口腔溃疡,10,中西医结合治疗牙龈癌术后口腔溃疡64例
口腔溃疡,11,复发性口腔溃疡的中西医结合治疗临床观察
口腔溃疡,12,探讨中西医结合治疗复发性口腔溃疡的临床效果
口腔溃疡,13,中西医结合治疗口腔溃疡的临床效果分析
口腔溃疡,14,中西医结合治疗口腔溃疡的应用价值
鼻后滴漏综合征,1,中西医结合治疗鼻后滴漏综合征的临床观察
鼻后滴漏综合征,2,中西医结合治疗儿童鼻后滴漏综合征42例临床观察
烧伤,1,中西医结合治疗烧伤残余创面临床观察
烧伤,2,中西医结合治疗深度烧伤后残余创面的临床观察
阑尾周围脓肿,1,102例阑尾周围脓肿中西医结合治疗的临床观察
阑尾周围脓肿,2,中西医结合治疗湿热内蕴型阑尾周围脓肿69例疗效观察
阑尾周围脓肿,3,中西医方案治疗阑尾周围脓肿的疗效观察
阑尾周围脓肿,4,中西医结合治疗阑尾周围脓肿的疗效观察
阑尾周围脓肿,5,中西医结合治疗阑尾周围脓肿24例临床疗效观察
人工髋关节置换术相关疾病,1,人工髋关节置换术后中西医结合康复护理效果研究
扁桃体炎,1,浅析中西医结合疗法治疗急性化脓性扁桃体炎的临床效果
扁桃体炎,2,中医药防治成人急性扁桃体炎的优势与证据
扁桃体炎,3,中西医结合治疗急性扁桃体炎个案举例
扁桃体炎,4,中医药治疗小儿急性扁桃体炎的进展
扁桃体炎,5,中西医结合治疗小儿化脓性扁桃体炎风热蕴结证疗效观察
脑病,1,"四十年磨一剑,中西医结合硕果丰——湖南省中医研究院附属医院脑病工作简介"
脑病,2,中西医结合治疗急性一氧化碳中毒迟发性脑病的疗效
脑病,3,中西医结合治疗一氧化碳中毒所致迟发性脑病临床研究
脑病,4,中西医结合及早期康复训练治疗新生儿缺氧缺血性脑病疗效观察
脑病,5,狼疮脑病的临床治疗概述
心衰,1,中西医结合治疗对慢性心衰患者心功能的影响
心衰,2,宣肺行水汤联合西药治疗慢性肺心病急性加重期合并心衰随机平行对照研究
心衰,3,中西医结合治疗心衰的疗效研究
宫颈炎,1,中西医结合治疗慢性宫颈炎的临床疗效及安全性分析
宫颈炎,2,中西医结合治疗慢性宫颈炎合并人乳头瘤病毒感染疗效观察
宫颈炎,3,中西医结合治疗非淋病性宫颈炎的临床观察
宫颈炎,4,中西医结合治疗湿热下注型宫颈炎疗效观察
肛肠病,1,中西医结合治疗肛肠病术后便秘40例
肛肠病,2,中西医结合治疗肛肠病术后疼痛临床研究
肛肠病,3,肛肠病术后并发症的中西医结合治疗
肛肠病,4,中西医结合治疗肛肠病术后疼痛临床研究
肛肠病,5,中西医结合防治肛肠病术后疼痛护理分析
周围神经病变,1,中西医结合治疗奥沙利铂所致周围神经病变30例临床观察
周围神经病变,2,中西医结合治疗糖尿病周围神经病变临床研究
周围神经病变,3,中西医结合治疗糖尿病周围神经病变疗效观察
周围神经病变,4,中西医结合疗法在糖尿病周围神经病变中的应用效果研究
周围神经病变,5,当归四逆汤加味联合西药治疗糖尿病周围神经病变45例
周围神经病变,6,糖尿病周围神经病变的中西医研究进展
周围神经病变,7,中西医结合疗法治疗糖尿病周围神经病变疗效观察
周围神经病变,8,中西医结合治疗糖尿病周围神经病变的临床疗效
周围神经病变,9,中西医结合治疗糖尿病周围神经病变100例
肾小球肾炎,1,中西医结合治疗脾肾气虚型慢性肾小球肾炎28例
肾小球肾炎,2,中西医结合治疗慢性肾小球肾炎临床观察
肾小球肾炎,3,66例慢性肾小球肾炎患者中医辨证分型治疗的护理体会
肾小球肾炎,4,评价中西医结合方法治疗脾肾两虚型慢性肾小球肾炎的效果
肾小球肾炎,5,中西医结合治疗局灶节段硬化性肾小球肾炎临床分析
荨麻疹,1,中西医结合治疗慢性荨麻疹42例临床观察
荨麻疹,2,慢性难治性荨麻疹的诊断及治疗策略
荨麻疹,3,中西医结合治疗顽固性人工荨麻疹38例临床观察
荨麻疹,4,小儿荨麻疹应用中西医结合治疗的有效方法研究
荨麻疹,5,中西医结合疗法对难治性慢性特发性荨麻疹患者血清总IgE、CD4、CD8等细胞因子影响的相关性研究
荨麻疹,6,中西医结合治疗小儿荨麻疹25例
尿路结石症,1,中西医结合治疗尿路结石症38例的疗效观察
脂肪肝,1,中西医结合治疗小儿单纯肥胖性脂肪肝的临床效果分析
脂肪肝,2,非酒精性脂肪肝患者临床分析
脂肪肝,3,浅谈健脾化痰活血汤加减治疗酒精性脂肪肝的临床效果
脂肪肝,4,111例脂肪肝患者中西医结合治疗疗效观察
脂肪肝,5,中西医结合治疗酒精性脂肪肝的临床研究
脂肪肝,6,中西医结合治疗非酒精性脂肪肝的临床效果及对患者肝纤维化的影响
咽异感症,1,纤维鼻咽喉镜检查治疗咽异感症的疗效
心血管病,1,探讨中西医结合治疗心血管病伴发精神障碍的效果
心血管病,2,芎芍胶囊治疗心血管病研究进展
血液透析相关疾病,1,中西医结合临床护理路径护理对血液透析患者治疗依从性及临床疗效的影响
尿潴留,1,中西医结合治疗产后顽固性尿潴留的应用效果评价
肠梗阻,1,螺旋CT在中西医结合治疗88例肠梗阻诊断中的临床应用
肠梗阻,2,中西医结合治疗结肠癌性肠梗阻临床研究
肠梗阻,3,中西医结合治疗肠梗阻的临床价值分析
肠梗阻,4,粘连性肠梗阻的中西医结合治疗进展
肠梗阻,5,中西医结合治疗对肠梗阻患者免疫功能与炎症反应的影响
肠梗阻,6,探讨中西医结合治疗肠梗阻的护理研究
肠梗阻,7,中西医结合临床护理用于粘连性肠梗阻治疗的Meta分析
肠梗阻,8,中西医结合治疗腹部手术后麻痹性肠梗阻疗效分析
肠梗阻,9,中西医结合疗法对腹部术后早期炎性肠梗阻的疗效
肠梗阻,10,急性化脓性阑尾炎术后并发早期炎性肠梗阻诊治体会
肠梗阻,11,中西医结合治疗小儿不完全性肠梗阻疗效分析
肠梗阻,12,浅述中西医结合治疗腹腔术后粘连性肠梗阻
肠梗阻,13,中西医结合治疗术后粘连性肠梗阻的疗效观察
肠梗阻,14,中西医结合疗法对术后早期炎性肠梗阻患者的影响
子宫肌瘤,1,中西医结合治疗子宫肌瘤的临床效果分析
子宫肌瘤,2,中西医结合治疗子宫肌瘤临床疗效观察
子宫肌瘤,3,中西医结合治疗子宫肌瘤及卵巢囊肿临床分析
子宫肌瘤,4,中西医结合治疗子宫肌瘤50例临床观察
脑动脉硬化症,1,探讨中西医结合治疗高血脂型脑动脉硬化症的临床效果
肛裂,1,中西医结合保守治疗肛裂临床效果观察
肾衰,1,中西医结合护理慢性肾衰竭39例
肾衰,2,中西医结合治疗早期慢性肾衰竭疗效观察
肾衰,3,肾衰方防治早期慢性肾衰竭疗效观察
肾衰,4,早期慢性肾衰竭患者采用中西医结合治疗对其相关实验室检查指标的影响探讨
肾衰,5,中西医结合护理在肾综合征出血热急性肾衰竭患者中的应用
视网膜色素变性,1,中西医结合治疗视网膜色素变性疗效的Meta分析
视网膜色素变性,2,中西医结冲击性治疗视网膜色素变性61例临床疗效分析
强直性脊柱炎,1,强直性脊柱炎的中西医研究进展
强直性脊柱炎,2,中西医结合治疗强直性脊柱炎临床观察
强直性脊柱炎,3,中西医结合长疗程治疗强直性脊柱炎临床分析
强直性脊柱炎,4,中西医结合治疗强直性脊柱炎临床疗效
强直性脊柱炎,5,中医药治疗强直性脊柱炎现代研究新进展
强直性脊柱炎,6,中西医结合治疗强直性脊柱炎的临床研究及护理体会
心脏病,1,自拟升陷复脉汤结合西药治疗慢性肺源性心脏病急性发作期的临床效果分析
心脏病,2,中西医结合治疗慢性肺源性心脏病失代偿期疗效观察
心脏病,3,中西医结合治疗老年缺血性心脏病的临床疗效
输卵管妊娠,1,输卵管妊娠的早期诊断及中西医结合治疗方案研究
输卵管妊娠,2,中西医结合与腹腔镜手术对输卵管妊娠治疗后的疗效观察
月经不调,1,中西医结合治疗月经不调疗效观察
月经不调,2,中西医药物联合治疗月经不调的临床效果观察
月经不调,3,中西医结合治疗上环后月经不调54例临床分析
肝内胆汁淤积症,1,中西医结合治疗妊娠期肝内胆汁淤积症80例
肝内胆汁淤积症,2,中西医结合治疗妊娠期肝内胆汁淤积症临床观察
肝内胆汁淤积症,3,中西医结合治疗妊娠期肝内胆汁淤积症的疗效观察
内分泌失调,1,妇科内分泌失调的疗效治疗分析
内分泌失调,2,用中西医结合疗法治疗内分泌失调的效果评析
内分泌失调,3,妇科内分泌失调的临床治疗效果观察
内分泌失调,4,中西医结合治疗妇科内分泌失调的临床分析
内分泌失调,5,内分泌失调性不孕症患者采取中西医联合疗法的临床效果观察
内分泌失调,6,中西医结合疗法治疗内分泌失调性骨质疏松症的临床疗效
内分泌失调,7,内分泌失调性不孕症患者应用中西医结合治疗的临床研究
胃结石,1,胃结石中医治疗概况
动眼神经麻痹,1,以针灸为主的中西医疗法治疗动眼神经麻痹研究概况
放射性溃疡,1,贾建东主任中西医结合治疗放射性溃疡临床验案
系统性血管炎,1,中西医结合治疗系统性血管炎1例
慢性肺部感染,1,中西医结合治疗慢性肺部感染引起的反复发热1例
耳鸣,1,中西医结合治疗耳鸣的临床疗效分析
高胆红素血症,1,中西医结合防治新生儿高胆红素血症的疗效探讨
高胆红素血症,2,光疗与茵栀黄口服液联合新生儿高胆红素血症的临床疗效
再生障碍性贫血,1,儿童急性再生障碍性贫血中西医临床研究进展
再生障碍性贫血,2,中西医结合治疗慢性再生障碍性贫血临床研究
再生障碍性贫血,3,慢性再生障碍性贫血患者采用中西医结合治疗的临床机制及作用
反流性食管炎,1,中西医结合治疗肝胃不和型难治性反流性食管炎28例
反流性食管炎,2,反流性食管炎的中医治疗及护理
反流性食管炎,3,中药辅助治疗反流性食管炎远期疗效Meta分析
反流性食管炎,4,中西医结合治疗反流性食管炎疗效观察
反流性食管炎,5,以中药糊剂卧位服药疗法为主的中西医结合治疗反流性食管炎56例临床疗效观察
下肢动脉硬化闭塞症,1,中西医结合综合疗法治疗下肢动脉硬化闭塞症临床观察
下肢动脉硬化闭塞症,2,中西医结合治疗下肢动脉硬化闭塞症疗效观察
胃肠功能障碍,1,中西医结合治疗腹部术后胃肠功能障碍的临床疗效
肠易激综合征,1,中西医结合治疗肝气乘脾证腹泻型肠易激综合征的疗效观察
肠易激综合征,2,腹泻型肠易激综合征的中医药治疗研究近况
肠易激综合征,3,中西医结合治疗腹泻型肠易激综合征效果分析
早泄,1,早泄的中西医综合疗法探究
早泄,2,早泄的中西医结合治疗进展
早泄,3,中医药治疗早泄的研究概述
双心疾病,1,中西医结合在双心医学中的优势探讨
双心疾病,2,双心疾病中西医结合诊治专家共识(中国中西医结合学会心血管病专业委员会双心学组)
手足口病,1,中西医结合治疗手足口病的安全性及有效性
手足口病,2,中西医结合治疗小儿重型手足口病80例临床分析
手足口病,3,手足口病中西医结合临床路径的实施效果评价
手足口病,4,中西医结合治疗手足口病患儿的临床疗效及安全性观察
手足口病,5,中西医结合治疗手足口病50例临床观察
手足口病,6,中西医结合治疗小儿手足口病皮肤疱疹的疗效观察及护理
手足口病,7,中西医结合治疗手足口病的临床效果和安全性分析
外阴白斑,1,中西医结合治疗外阴白斑的效果分析
肝硬化,1,中西医结合护理临床路径在肝硬化腹腔积液病人中的应用
肝硬化,2,中西医治疗乙型肝炎肝硬化疗效Mate分析
肝硬化,3,中西医结合护理干预对肝硬化腹水患者疗效的影响
肝硬化,4,中西医结合治疗乙肝肝硬化顽固性腹水疗效分析
肝硬化,5,中西医结合护理干预在肝硬化腹水患者治疗中的应用
肝硬化,6,关于中西医结合治疗肝硬化腹水的效果评价
肝硬化,7,乙型肝炎后肝硬化腹水运用中西医结合治疗的疗效观察
肝硬化,8,中西医结合护理干预对肝硬化腹水患者治疗效果的影响
肝硬化,9,赤芍承气汤联合西药治疗肝硬化腹水65例
肝硬化,10,慢性乙肝早期肝硬化患者的中西医结合疗效观察
肝硬化,11,肝硬化腹水的中西医结合治疗效果分析
肝硬化,12,用中西医结合疗法治疗肝硬化腹水的效果研究
肝硬化,13,中西医结合治疗肝硬化腹水60例临床疗效观察
肝硬化,14,中西医结合治疗肝硬化腹水的效果评价
肝硬化,15,中西医结合治疗肝硬化临床疗效
肝硬化,16,中西医结合治疗肝硬化代偿期疗效观察
肝硬化,17,中西医结合治疗肝硬化腹水45例
肝硬化,18,肝硬化失代偿期腹水的中西医结合护理
肝硬化,19,中西医结合治疗肝硬化腹水并压疮的护理体会
肝硬化,20,中西医结合治疗肝硬化腹水临床观察
肝硬化,21,中西医结合外科治疗肝硬化及其并发症的发展和前景
肝硬化,22,中西医结合治疗肝硬化疗效观察
肝硬化,23,中西医结合治疗肝硬化合并肝肾综合征的临床效果评价
声带麻痹,1,甲状腺切除术后声带麻痹的中西医结合治疗
甲状腺炎,1,亚急性甲状腺炎患者采取中药内服外敷结合传统西医疗法的治疗体会
甲状腺炎,2,中西医结合治疗无痛性亚急性甲状腺炎1例
甲状腺炎,3,二仙消瘿汤联合左甲状腺素钠治疗慢性淋巴细胞性甲状腺炎随机平行对照研究
心律失常,1,炙甘草汤加减治疗心律失常52例临床疗效观察
心律失常,2,中西医结合治疗缓慢性心律失常的探讨
心律失常,3,中西医结合治疗缓慢性心律失常的效果观察
心律失常,4,中西医结合治疗心律失常46例疗效观察
心律失常,5,中西医结合治疗扩张型心肌病合并心律失常的临床效果探讨
急性心肌梗塞,1,中西医结合治疗急性心肌梗塞溶栓治疗成功后心功能不全
肺栓塞,1,中西医结合治疗肺栓塞疗效分析
乳腺癌,1,中西医结合治疗乳腺癌术后患者的疗效观察
乳腺癌,2,中西医结合治疗乳腺癌的研究概况
乳腺癌,3,中西医结合护理在乳腺癌术后康复治疗中的应用效果分析
乳腺癌,4,乳腺癌术后中西医结合社区护理干预初探
乳腺癌,5,中西医结合治疗乳腺癌临床护理疗效观察
乳腺癌,6,乳腺癌术后采用中西医结合护理30例疗效分析
乳腺癌,7,中西医结合治疗乳腺癌肝转移疗效观察
乳腺癌,8,乳腺癌的中医研究概况
乳腺癌,9,中西医结合治疗乳腺癌30例临床分析
乳腺癌,10,郭勇教授肿瘤治疗“四阶段”理论在乳腺癌全程管理中的应用
胃肠动力障碍,1,中西医结合治疗胃肠动力障碍性疾病简况
胃病,1,中西医结合治疗Hp感染耐药相关性胃病概况
非糜烂性胃食管反流病,1,中医药治疗非糜烂性胃食管反流病临床研究进展
结肠炎,1,慢性非特异性溃疡性结肠炎中西医结合治疗研究进展
结肠炎,2,中西医结合治疗溃疡性结肠炎的疗效评价
结肠炎,3,中西医结合治疗溃疡性结肠炎并发糖尿病疗效观察
结肠炎,4,芍药汤联合氨基水杨酸制剂治疗溃疡性结肠炎的Meta分析
结肠炎,5,慢性结肠炎采用中西医结合治疗的临床观察
结肠炎,6,溃疡性结肠炎中西医结合治疗策略
结肠炎,7,中西医治疗溃疡性结肠炎临床进展
结肠炎,8,芍药汤加减联合西药治疗溃疡性结肠炎疗效观察
结肠炎,9,中西医结合治疗溃疡性结肠炎疗效观察
结肠炎,10,中西医保留灌肠治疗溃疡性结肠炎的护理效果观察
结肠炎,11,清化宁络方联合美沙拉秦治疗轻中度溃疡性结肠炎活动期疗效及对炎性因子和结肠黏膜组织中MHC-Ⅱ类分子表达影响
结肠炎,12,观察分析评价中西医结合治疗溃疡性结肠炎的临床疗效
结肠炎,13,溃疡性结肠炎的中西医治疗概况
微炎症,1,中西医结合治疗对维持性血液透析患者微炎症状况的影响
跖疣,1,中西医结合治疗多发性跖疣的临床疗效
脂肪肝病,1,中西医结合治疗非酒精性脂肪肝病的临床观察
肺性脑病,1,中西医结合治疗肺性脑病疗效的Meta分析
肺性脑病,2,中西医结合治疗肺性脑病的临床疗效分析
躁狂症,1,躁狂症中西医结合辨证分型治疗对照观察
2型糖尿病,1,中西医结合治疗2型糖尿病末梢神经炎48例
2型糖尿病,2,中西医结合治疗2型糖尿病合并细菌性肝脓肿1例
2型糖尿病,3,中西医结合治疗2型糖尿病合并高血脂症、脂肪肝的临床观察
2型糖尿病,4,2型糖尿病合并带状疱疹优质护理总结
2型糖尿病,5,中西医结合治疗2型糖尿病的临床疗效
2型糖尿病,6,中西医结合治疗2型糖尿病临床疗效分析
2型糖尿病,7,单纯中医治疗与中西医结合治疗2型糖尿病的临床疗效
2型糖尿病,8,中西医结合治疗2型糖尿病并发肾病临床效果
2型糖尿病,9,益气养阴活血方中西医结合治疗2型糖尿病临床观察
2型糖尿病,10,中西医结合治疗2型糖尿病60例临床观察
2型糖尿病,11,中西医结合治疗2型糖尿病合并高脂血症临床观察
2型糖尿病,12,中西医结合治疗老年高血压合并2型糖尿病临床研究
脊髓损伤,1,中西医结合治疗脊柱骨折合并脊髓损伤疗效观察
脊髓损伤,2,脊髓损伤的中医研究现状
脊髓损伤,3,中西医结合治疗脊髓损伤后神经痛临床观察
脊髓损伤,4,中西医结合治疗外伤性颈脊髓损伤的疗效观察
脊髓损伤,5,中西医结合膀胱管理方案对脊髓损伤后神经源性膀胱的改善作用
视乳头病变,1,中西医结合治疗缺血性视乳头病变的疗效分析
盆腔疼痛症,1,中西医结合治疗妇科慢性盆腔疼痛症临床分析
肺源性心脏病,1,中西医结合治疗肺源性心脏病40例临床观察
肺源性心脏病,2,中西医结合治疗慢性肺源性心脏病的临床疗效观察
肺源性心脏病,3,中西医结合治疗慢性肺源性心脏病临床观察
细支气管炎,1,中西医结合治疗闭塞性细支气管炎的疗效观察
细支气管炎,2,中西医结合治疗在儿童闭塞性细支气管炎治疗中的应用效果
神经性皮炎,1,中西医结合治疗神经性皮炎
鼻窦炎,1,中西医结合治疗慢性鼻窦炎46例临床分析
鼻窦炎,2,中西医结合治疗慢性鼻窦炎及合并眼部疾病临床观察
鼻窦炎,3,鼻窦炎应用中西医结合治疗的有效性探究
鼻窦炎,4,中西医结合治疗真菌性鼻窦炎疗效观察
鼻窦炎,5,慢性鼻窦炎中西医结合治疗的疗效和生活质量的临床研究
心房颤动,1,中西医结合治疗老年永久性心房颤动临床三组研究
心房颤动,2,心房颤动患者左心房血栓形成机制及中西医结合防治的研究进展
心房颤动,3,中医治疗心房颤动研究进展
精神分裂症,1,中西医结合治疗精神分裂症患者对其认知功能的影响
精神分裂症,2,试析中西医结合治疗对精神分裂症患者认知功能的影响
精神分裂症,3,中西药合用治疗首发精神分裂症疗效观察
慢性咽炎,1,中西医结合治疗慢性咽炎的疗效评测
慢性咽炎,2,中西医结合在小儿慢性咽炎治疗中的应用效果
子宫瘢痕处妊娠,1,中西医结合诊治子宫瘢痕处妊娠的临床研究
鼻炎,1,中西医结合治疗小儿过敏性鼻炎的效果分析
鼻炎,2,中西医结合治疗小儿过敏性鼻炎疗效观察
鼻炎,3,常年性变应性鼻炎应用中西医结合治疗的效果研究
鼻炎,4,中西医结合治疗血管运动性鼻炎的疗效观察
泌尿系结石,1,中西医结合治疗泌尿系结石疗效观察
泌尿系结石,2,中医药治疗泌尿系结石症评价
泌尿系结石,3,中西医治疗泌尿系结石的现状和进展
泌尿系结石,4,体外冲击波碎石结合中西医药物综合治疗泌尿系结石的临床研究
痔疮,1,中西医结合治疗重度混合痔临床分析
痔疮,2,中西医结合治疗痔疮临床疗效观察
痔疮,3,早期中西医结合治疗混合痔嵌顿水肿临床效果研究
痔疮,4,中西医结合治疗混合痔术后肛缘水肿疼痛50例临床观察
痔疮,5,中西医结合治疗混合痔术后切口水肿的临床应用研究
痔疮,6,柏花草胶囊治疗痔疮的疗效观察
痔疮,7,RPH-4手术治疗痔的中西医结合护理研究
前列腺增生症,1,中西医结合治疗良性前列腺增生症临床观察
支气管扩张,1,中西医结合治疗支气管扩张合并感染疗效分析
腹泻,1,中西医结合治疗慢性腹泻脾肾阳虚型疗效观察
腹泻,2,中西医结合治疗小儿迁延性、慢性腹泻疗效分析
腹泻,3,中西医结合治疗小儿迁延性及慢性腹泻的疗效观察
腹泻,4,关于中西医结合治疗小儿腹泻的疗效分析
腹泻,5,中西医结合治疗腹泻型肠易激综合征研究进展
腹泻,6,腹泻型肠易激综合征的中医治疗现状
腹泻,7,中西医结合治疗腹泻型肠易激综合征的研究
腹泻,8,中西医结合治疗小儿腹泻患儿的临床效果
腹泻,9,ICU抗生素相关性腹泻患者的临床特点及其应用中西医结合治疗的临床疗效
药物流产不全,1,中西医结合治疗86例药物流产不全临床观察
癌痛,1,中西医结合治疗终末期癌痛40例临床观察
癌痛,2,中西医结合治疗癌痛的经验及体会
癌痛,3,中西医结合治疗中重度癌痛的临床疗效观察
胆囊炎,1,急、慢性胆囊炎的中西医结合治疗进展
胆囊炎,2,老年慢性结石性胆囊炎保守治疗的效果研究
胆囊炎,3,高龄胆结石并胆囊炎运用中西医结合治疗的观察
胆囊炎,4,中西医结合治疗在急性胆囊炎胆囊切除术患者术后康复中的效果观察
胆囊炎,5,中西医结合治疗急性胆囊炎36例
胆囊炎,6,中西医结合治疗慢性胆囊炎60例疗效观察
胆囊炎,7,中西医结合治疗胆囊炎合并胆结石的疗效观察
肝胆胰疾病,1,"汇聚中西医优势互补的临床证据,提高肝胆胰疾病结合医学诊疗水平"
老年慢性病,1,中西医结合健康教育对老年慢性病患者生活质量的影响
慢性阻塞性肺气肿,1,中西医结合治疗慢性阻塞性肺气肿的循证护理效果分析
慢性阻塞性肺气肿,2,用中西医结合疗法治疗慢性阻塞性肺气肿的效果探究
慢性阻塞性肺气肿,3,中西医结合治疗慢性阻塞性肺气肿的疗效观察
头晕,1,中西医结合治疗头晕68例临床观察
口腔颌面部间隙感染,1,中西医结合在口腔颌面部间隙感染治疗中的应用效果评价
灼口综合征,1,中西医药物联合心理干预治疗灼口综合征临床观察
轻中度拇外翻,1,中西医结合在轻中度拇外翻合并第1跖骨内翻治疗中的应用价值
先兆流产,1,中西医结合对先兆流产早期患者的疗效及妊娠结局的影响分析
急性结膜炎,1,中西医结合治疗急性结膜炎疗效观察
自闭症,1,中西医结合干预自闭症的研究现状
前列腺炎,1,中西医结合治疗性病后慢性前列腺炎的疗效分析
前列腺炎,2,慢性前列腺炎的中西医结合护理
前列腺炎,3,中西医结合治疗慢性前列腺炎疗效观察
前列腺炎,4,中西医结合治疗前列腺增生症合并慢性前列腺炎疗效分析
前列腺炎,5,中西医结合治疗少弱精伴慢性前列腺炎的临床效果评价
前列腺炎,6,中西医结合治疗慢性前列腺炎并弱精子症患者的临床疗效观察
前列腺炎,7,中西医结合治疗慢性前列腺炎100例的临床观察
胃瘫,1,升阳益胃汤治疗颅脑术后胃瘫的临床观察
胃瘫,2,分析腹部手术后胃瘫的中西医结合治疗效果
胃瘫,3,中西医结合治疗术后胃瘫综合征临床研究进展
难愈合伤,1,观察中西医结合治疗难愈合伤口的临床效果
骨创伤后疼痛,1,中西医结合治疗急性骨创伤后疼痛的疗效观察
SAPHO综合征,1,SAPHO综合征2例辨治及分析
黄疸,1,中西医结合治疗低出生体重儿黄疸临床观察
黄疸,2,经方加减治疗肝衰竭导致的难治性黄疸的效果观察
黄疸,3,中药治疗黄疸研究进展
口腔黏膜下纤维化,1,中西医结合治疗口腔黏膜下纤维化的效果分析
阴道炎,1,中西医结合治疗霉菌性阴道炎护理体会
阴道炎,2,中西医结合治疗阴道炎的研究进展
阴道炎,3,中西医结合治疗霉菌性阴道炎的效果观察
阴道炎,4,中西医结合治疗复发性支原体感染性阴道炎临床研究
阴道炎,5,中西医结合洗塞法治疗霉菌性阴道炎临床观察
阴道炎,6,中西医结合治疗念珠菌性阴道炎的效果研究
阴道炎,7,中西医结合治疗围产期细菌性阴道炎临床效果研究
阴道炎,8,中西医结合治疗阴道炎的疗效观察
阴道炎,9,霉菌性阴道炎给予中西医结合干预及护理观察
阴道炎,10,中西医结合治疗霉菌性阴道炎的临床疗效研究
阴道炎,11,中西医结合治疗阴道炎的效果与安全性观察
阴道炎,12,中西医结合治疗霉菌性阴道炎50例的护理分析
黄热病,1,福建省首次5例输入性黄热病中西医结合治疗
耳聋,1,中西医治疗突发性耳聋的研究进展
耳聋,2,中西医结合治疗训练所致爆震性聋临床观察
心房纤颤,1,中西医结合治疗气虚血淤型阵发性心房纤颤的临床研究
老年胆囊疾病,1,中西医结合疗法在促进老年胆囊疾病患者术后恢复中的应用效果研究
直肠癌,1,浅谈直肠癌治疗方案的最新研究进展
直肠癌,2,直肠癌术后急性粘连性肠梗阻患者采用中西医结合护理的效果评价
直肠癌,3,中西医结合治疗腹腔镜直肠癌根治术后不完全性肠梗阻临床分析
直肠癌,4,基于生存分析的胃肠安方辨证治疗对不可切除性结直肠癌肝转移预后影响的双向队列研究
直肠癌,5,中西医结合治疗减少Ⅱ、Ⅲ期结直肠癌复发转移的临床研究
外阴硬化性苔藓,1,中西医结合治疗外阴硬化性苔藓临床观察
新生儿黄疸,1,中西医结合治疗新生儿黄疸疗效观察
新生儿黄疸,2,中西医结合治疗新生儿黄疸临床研究
新生儿黄疸,3,中西医结合治疗新生儿黄疸的疗效观察
新生儿黄疸,4,新生儿黄疸中西医预防及护理干预研究进展
过敏性皮炎,1,过敏性皮炎的中西医结合护理效果分析
膀胱痉挛,1,中西医结合治疗经尿道前列腺电切术后膀胱痉挛疗效观察
宫外孕,1,宫外孕采用中西医结合保守治疗的效果分析
动脉硬化闭塞症,1,中西医结合治疗动脉硬化闭塞症分析
动脉硬化闭塞症,2,中西医结合治疗2型糖尿病下肢动脉硬化闭塞症的疗效分析
COPD,1,中西医结合治疗COPD并发呼吸衰竭的疗效评价
COPD,2,针对性护理干预在中西医结合治疗COPD患者中的应用
COPD,3,中西医结合治疗慢性阻塞性肺疾病致呼吸衰竭(COPD)临床疗效及护理体会
肝内胆管结石,1,中西医结合治疗肝内胆管结石63例疗效观察
直肠肛门周围脓肿,1,中西医结合治疗直肠肛门周围脓肿护理探讨
胰腺癌,1,回顾性研究中医药治疗胰腺癌的进展
胰腺癌,2,中西医结合治疗中晚期胰腺癌20例临床观察
肠系膜淋巴结炎,1,小儿急性肠系膜淋巴结炎腹痛中西医结合治疗的护理
肠系膜淋巴结炎,2,中西医结合治疗小儿反复发作性腹痛与肠系膜淋巴结炎的临床疗效观察
肠系膜淋巴结炎,3,中西医结合治疗小儿肠系膜淋巴结炎脾胃虚寒型49例临床观察
无肌病性皮肌炎,1,中西医结合治疗无肌病性皮肌炎1例
免疫性血小板减少症,1,口服中药治疗儿童原发免疫性血小板减少症系统评价及meta分析
免疫性血小板减少症,2,中西医结合治疗儿童免疫性血小板减少症(ITP)的Meta分析
免疫性血小板减少症,3,中医药治疗儿童原发免疫性血小板减少症临床研究进展
免疫性血小板减少症,4,生血灵系列制剂联合西药治疗激素抵抗型原发免疫性血小板减少症30例临床观察
甲状腺功能减退症,1,基于中医“治未病”思想谈亚临床甲状腺功能减退症
泛耐药鲍曼不动杆菌症,1,中西医结合治疗泛耐药鲍曼不动杆菌1例
甲状腺癌,1,中西医结合治疗甲状腺癌术后患者的临床疗效评估
阴道出血,1,观察中西医结合对妇产科临床阴道出血患者的治疗效果
慢性肾脏病,1,儿童慢性肾脏病中西医治疗思路
慢性肾脏病,2,以慢性肾脏病为例探讨应用CBL与PBL联合教学法在中西医结合肾脏病专业的教学实践
慢性肾脏病,3,中西医结合治疗慢性肾脏病伴高尿酸血症的临床效果
慢性肾脏病,4,中西医结合一体化治疗阿拉伯国家慢性肾脏病临床研究
失调性子宫出血,1,中西医结合治疗围绝经期功能失调性子宫出血45例
失调性子宫出血,2,二至芍药汤治疗功能失调性子宫出血临床疗效分析
失调性子宫出血,3,青春期功能失调性子宫出血患者应用中西医结合治疗的疗效分析
甲型H_1N_1流感,1,中西医结合治疗甲型H_1N_1流感3例经验总结
食管癌,1,六君子汤联合化疗治疗中晚期食管癌25例
食管癌,2,中西医结合治疗食管癌患者的疗效及对不良反应的影响
食管癌,3,中西医结合治疗晚期食管癌42例疗效观察
食管癌,4,中晚期食管癌的中西医结合治疗研究进展
食管癌,5,中西医结合治疗食管癌术后反流性食管炎患者的临床疗效
干燥综合征,1,中西医结合治疗干燥综合征肾损害的临床疗效观察
干燥综合征,2,干燥综合征的中西医治疗新进展
慢性盆腔疼痛,1,分析比较采用中西医治疗妇科慢性盆腔疼痛的临床疗效
内科急症,1,中西医结合治疗内科急症探讨
老年性黄斑变性,1,老年性黄斑变性新生血管的中西医结合治疗
直肠炎,1,中西医并用治疗放射性直肠炎验案二例
子宫瘢痕妊娠,1,手术联合中西医药物结合治疗剖宫产子宫瘢痕妊娠的临床效果研究
夜间遗尿症,1,中西医结合治疗单纯性小儿原发性夜间遗尿症临床研究
腰部巨大脓肿,1,中西医结合治疗腰部巨大脓肿1例
缺血感染,1,中西医结合治疗下肢高位截断术后缺血感染1例
带状疱疹,1,中西医结合治疗老年带状疱疹的临床研究
带状疱疹,2,中西医结合治疗带状疱疹疗效观察
带状疱疹,3,关于中西医结合治疗带状疱疹82例的临床分析
带状疱疹,4,中西医结合治疗带状疱疹60例
带状疱疹,5,带状疱疹后遗神经痛该怎么缓解?
烧伤后瘢痕增生,1,中西医结合治疗烧伤后瘢痕增生的临床观察
脓毒症,1,46例脓毒症患者的中西医结合治疗效果观察
脓毒症,2,中药通腑泻热灌肠剂联合抗生素对脓毒症患者细胞炎症及机体免疫功能的影响
脓毒症,3,中西医结合治疗脓毒症休克大鼠炎性因子表达变化的实验研究
脓毒症,4,中西医结合治疗脓毒症合并应激性高血糖的研究进展
脓毒症,5,中西医结合治疗脓毒症对C-反应蛋白和降钙素原影响
脓毒症,6,清源生化汤对严重骨创伤后脓毒症患者心脏保护作用的临床研究
脓毒症,7,升降散对脓毒症心肌损伤的保护作用
肩周炎,1,无敌丹配合无敌膏治疗肩周炎的疗效观察
胸腔积液,1,中西医结合治疗胸腔积液40例临床疗效探讨
肾损伤,1,中西医结合治疗慢性肾脏病急性肾损伤的临床疗效观察
肾损伤,2,中西医结合治疗慢性肾脏病基础上急性肾损伤的临床疗效
肾损伤,3,中西医结合联合系统护理干预治疗高血压性肾损伤的临床疗效
乙型肝炎,1,中西医辨证治疗乙型肝炎病毒慢加急性肝衰竭
乙型肝炎,2,构筑中西医防治肝炎的桥梁——关于制定《中西医慢性乙型肝炎防治指南》的设想
乙型肝炎,3,中西医结合治疗乙型肝炎后肝硬化对患者肝功能的影响
乙型肝炎,4,温脾疏肝汤治疗慢性乙型肝炎后肝硬化的临床研究
乙型肝炎,5,中西医结合治疗乙型肝炎肝纤维化31例
乙型肝炎,6,中西医结合治疗急性黄疸型乙型肝炎临床观察
乙型肝炎,7,中西医结合治疗慢性乙型肝炎病毒携带者65例临床观察
乙型肝炎,8,中药复方联合恩替卡韦治疗HBeAg阳性慢性乙型肝炎患者疗效观察
前庭大腺囊肿,1,中西医结合治疗前庭大腺囊肿的疗效
窦性心动过缓,1,中西医结合治疗窦性心动过缓的研究进展
酒精性肝病,1,中西医结合治疗酒精性肝病的临床观察
代谢综合征,1,中西医结合治疗代谢综合征效果观察
代谢综合征,2,中西医结合治疗代谢综合征临床观察
包皮龟头炎,1,中西医结合治疗念珠菌性包皮龟头炎98例疗效观察
安眠药中毒,1,中西医结合联合情绪疗法治疗安眠药中毒疗效观察
不育症,1,中西医结合治疗精索静脉曲张性不育症的研究进展
多肌痛,1,中西医结合治疗风湿性多肌痛疗效观察研究
幽门螺杆菌感染,1,中西医结合根除幽门螺杆菌的临床研究
幽门螺杆菌,1,中西医结合治疗慢性幽门螺杆菌的疗效观察
幽门螺杆菌,2,中西医结合治疗幽门螺杆菌相关性消化性溃疡的临床分析
幽门螺杆菌,3,中西医结合治疗幽门螺杆菌感染慢性胃炎疗效观察
幽门螺杆菌,4,中西医结合治疗气滞型幽门螺杆菌阳性消化性溃疡疗效观察
幽门螺杆菌,5,中西医结合治疗幽门螺杆菌感染消化性溃疡疗效观察
幽门螺杆菌,6,加味黄连温胆汤加标准四联法治疗幽门螺杆菌相关性胃炎
幽门螺杆菌,7,观察中西医结合治疗幽门螺杆菌感染合并功能性消化不良的效果
幽门螺杆菌,8,中西医结合治疗脾胃虚寒型幽门螺杆菌感染慢性胃炎70例
幽门螺杆菌,9,中药汤剂治疗幽门螺杆菌相关性消化性溃疡的随机对照试验的系统评价
幽门螺杆菌,10,中西医结合治疗幽门螺杆菌阳性消化道疾病临床观察
幽门螺杆菌,11,中西医结合治疗幽门螺杆菌相关性消化性溃疡的临床疗效
幽门螺杆菌,12,益气活血法治疗幽门螺杆菌相关消化性溃疡的临床效果
脑血栓,1,中西医结合疗法治疗脑血栓疗效分析
脑血栓,2,中西医结合治疗脑血栓患者的临床效果分析
脑血栓,3,中西医联合治疗方法应用于脑血栓患者的效果观察及其临床意义
脑血栓,4,中西医结合内科治疗脑血栓的临床疗效观察
亨特氏面瘫,1,针灸治疗亨特氏面瘫临床进展
前列腺增生,1,中医药治疗男性前列腺增生症新进展
前列腺增生,2,良性前列腺增生中西医结合诊疗指南(试行版)
前列腺增生,3,通淋汤治疗高危前列腺增生疗效观察
前列腺增生,4,使用中西医结合疗法治疗前列腺增生的效果探析
中耳炎,1,中西医结合治疗急性非化脓性中耳炎(风寒袭耳证)患者疗效观察
中耳炎,2,中西医结合治疗急性分泌性中耳炎疗效观察
中耳炎,3,中西医结合治疗急性分泌性中耳炎(风热外袭证)临床观察
中耳炎,4,鼓室积液清除术后中西医结合治疗分泌性中耳炎的临床研究
黄斑变性,1,中西医结合治疗老年性黄斑变性临床观察
黄斑变性,2,中西医结合治疗老年性黄斑变性的临床观察
结核性胸膜炎,1,中西医结合治疗结核性胸膜炎临床观察
肛周坏死性筋膜炎,1,中西医结合治疗肛周坏死性筋膜炎26例
肌无力,1,重症肌无力的中医药治疗研究进展
肌无力,2,中西医结合治疗重症肌无力对乙酰胆碱受体抗体和CD_4~+CD_(25)~+T调节免疫细胞的研究
宫颈HPV感染,1,中西医结合在防治宫颈HPV感染癌前病变及术后复发中的效果分析
慢性荨麻疹,1,与慢性荨麻疹和平共处——访江苏省中西医结合医院皮肤科主任医师 教授 陶迪生
慢性荨麻疹,2,中西医结合治疗慢性荨麻疹的疗效分析
发作性睡病,1,中西医结合治疗老年性发作性睡病1例
药物性肝病,1,中西医结合治疗药物性肝病疗效观察
慢性心肾综合征,1,中西医结合治疗慢性心肾综合征疗效观察
慢性心肾综合征,2,中西医结合治疗慢性心肾综合征的临床效果及护理体会
糖尿病肾病,1,中西医结合治疗早期气阴两虚型糖尿病肾病的临床效果观察
糖尿病肾病,2,中西医结合治疗糖尿病肾病随机对照试验的Meta分析
糖尿病肾病,3,中西医结合治疗糖尿病肾病临床研究
糖尿病肾病,4,中西医结合治疗糖尿病肾病30例
糖尿病肾病,5,缬沙坦联合金水宝胶囊治疗糖尿病肾病并发性功能障碍的临床研究
糖尿病肾病,6,中西医结合治疗糖尿病肾病疗效观察
糖尿病肾病,7,中西医结合治疗早期糖尿病肾病的临床及对尿微量白蛋白的影响
糖尿病肾病,8,中西医结合治疗糖尿病肾病的临床疗效分析
糖尿病肾病,9,中西医结合治疗糖尿病肾病的临床疗效观察
糖尿病肾病,10,糖尿病肾病的治疗进展
糖尿病肾病,11,中西医结合辨证论治糖尿病肾病的疗效
糖尿病肾病,12,中西医结合治疗糖尿病肾病患者临床观察
糖尿病肾病,13,中西医结合治疗方案在糖尿病肾病治疗中的应用
糖尿病肾病,14,中西医结合治疗糖尿病肾病效果探讨
糖尿病肾病,15,早中期糖尿病肾病应用中西医结合治疗前后Cys-C的变化及临床意义
糖尿病肾病,16,中西医结合治疗早期糖尿病肾病血瘀型疗效观察
糖尿病肾病,17,中西医结合治疗2型糖尿病肾病血糖及生活质量影响
糖尿病肾病,18,中西医结合治疗糖尿病肾病的临床价值分析
癌性腹水,1,中西医结合治疗癌性腹水疗效观察
膝前交叉韧带保残重建,1,中西医结合康复疗法对膝前交叉韧带保残重建术后本体感觉恢复的影响
肺心病,1,中西医结合治疗慢性肺心病急性加重期的疗效观察
肺心病,2,中西医结合治疗慢性肺心病疗效观察
肺心病,3,中西医结合治疗慢性阻塞性肺疾病急性加重合并慢性肺心病急性期临床观察
肺心病,4,中西医结合治疗慢性肺心病的临床疗效观察
生殖道支原体感染,1,中西医结合治疗女性复发性生殖道支原体感染的临床研究
生殖道支原体感染,2,中西医结合治疗女性生殖道支原体感染50例临床观察
角膜结膜炎症,1,中西医结合治愈儿童睑缘炎相关角膜结膜炎症1例
老年呼吸系统感染,1,中西医结合治疗老年呼吸系统感染的临床分析
甲状腺功能亢进,1,中西医结合治疗甲状腺功能亢进症及对患者骨代谢指标和骨密度的影响
甲状腺功能亢进,2,甲状腺功能亢进症合并糖尿病的中西医结合护理体会
炎症,1,中西医结合治疗口腔颌面部慢性炎症疗效观察
炎症,2,中西医结合治疗妇科炎症研究
胫骨中下段骨不连,1,探讨中西医结合治疗胫骨中下段骨不连的临床效果
前房出血,1,中西医结合治疗外伤性前房出血分析
前房出血,2,中西医结合治疗眼外伤性前房出血疗效观察
上呼吸道感染,1,中西医结合治疗风热证小儿急性上呼吸道感染60例
上呼吸道感染,2,中西医结合治疗上呼吸道感染92例临床观察
斑秃,1,中西医结合治疗多发性斑秃疗效及远期复发情况观察
慢性肾炎,1,中西药联合治疗慢性肾炎临床疗效观察
慢性肾炎,2,补肾地龟汤加减治疗慢性肾炎的疗效评价
慢性肾炎,3,中西医结合治疗慢性肾炎的临床效果研究
慢性肾炎,4,中西医结合治疗慢性肾炎的临床效果分析
慢性肾炎,5,中西医结合治疗慢性肾炎86例
慢性肾炎,6,探讨中西医结合治疗慢性肾炎的临床分析
动脉粥样硬化,1,中西医治疗动脉粥样硬化作用机制的研究进展
动脉粥样硬化,2,动脉粥样硬化中西医结合诊疗专家共识
动脉粥样硬化,3,中西医结合治疗冠状动脉粥样硬化性心脏病心绞痛临床评价
流行性感冒,1,中西医结合治疗流行性感冒
流行性感冒,2,中西医结合治疗猪流行性感冒
慢性萎缩性胃炎,1,慢性萎缩性胃炎中医药临床研究进展
慢性萎缩性胃炎,2,中西医结合治疗慢性萎缩性胃炎的临床效果分析
慢性萎缩性胃炎,3,中西医结合治疗慢性萎缩性胃炎的疗效分析
慢性萎缩性胃炎,4,中西医结合治疗慢性萎缩性胃炎的效果研究
慢性萎缩性胃炎,5,中西医结合治疗慢性萎缩性胃炎肝胃不和型临床观察
慢性萎缩性胃炎,6,中西医结合疗法对慢性萎缩性胃炎患者效果及血清炎症因子的影响
颅脑损伤,1,中西医结合治疗在颅脑损伤中的应用
卵巢储备力下降,1,中西医结合在辅助生殖中卵巢储备力下降的应用
宫颈癌,1,中西医结合治疗宫颈癌的临床疗效观察
宫颈癌,2,中西医结合治疗宫颈癌根治术后尿潴留1例分析
橄榄脑桥小脑萎缩,1,中西医结合治疗橄榄脑桥小脑萎缩20例
心血管疾病,1,从中西医结合角度看心血管疾病的治疗
心血管疾病,2,中西医结合方法防治心血管疾病
心血管疾病,3,中西医结合治疗心血管疾病伴焦虑症患者的临床疗效
小儿ITP,1,任献青教授中西医结合治疗小儿ITP经验探讨
牙周-牙髓联合病变,1,中西医结合治疗牙周-牙髓联合病变临床分析
过敏性结膜炎,1,中西医结合治疗过敏性结膜炎的临床观察
间质性肺疾病,1,中医-中西医结合治疗间质性肺疾病概况
视神经病变,1,中西医结合治疗前部缺血性视神经病变的临床效果分析
视神经病变,2,中西医诊疗前部缺血性视神经病变研究进展
视神经病变,3,糖尿病视神经病变中西医结合治疗研究
偏瘫,1,中西医结合治疗脑血管病偏瘫的疗效观察
偏瘫,2,中西医结合卒中单元康复护理模式对脑卒中偏瘫恢复期患者的影响
骨伤,1,中西医结合交锁髓内针治疗骨伤的效果研究
三叉神经痛,1,中西医结合疗法治疗35例三叉神经痛的效果分析
三叉神经痛,2,探讨中西医结合治疗三叉神经痛的治疗效果
恙虫病,1,中西医结合护理恙虫病患者的临床效果分析
老年口腔念珠菌病,1,中西医结合治疗老年口腔念珠菌病的临床疗效观察
小叶性乳腺炎,1,中西医结合治疗肉芽肿性小叶性乳腺炎的疗效观察
肾结石,1,中西医结合治疗不同术式术后残留肾结石的临床探究
肾结石,2,肾结石的中西医结合治疗研究进展
产后恶露不尽,1,中西医结合治疗产后恶露不尽的临床效果观察
狼疮肾炎,1,中西医结合治疗狼疮肾炎的Meta分析
慢阻肺,1,中西医结合治疗慢阻肺急性加重期的临床观察
慢阻肺,2,中西医结合治疗慢阻肺稳定期的临床疗效分析
脂肪性肝病,1,中西医结合治疗非酒精性脂肪性肝病痰瘀互结证临床观察
脂肪性肝病,2,中西医结合治疗湿热型非酒精性脂肪性肝病效果观察
逆行射精,1,中西医结合治疗逆行射精疗效观察
逆行性牙髓炎,1,中西医结合治疗老年逆行性牙髓炎的临床疗效观察
病理性黄疸,1,中西医结合治疗病理性黄疸疗效观察
宫颈糜烂,1,中西医结合治疗宫颈糜烂的效果评估
宫颈糜烂,2,中西医结合治疗宫颈糜烂合并HR-HPV感染疗效观察
慢性肛窦炎,1,中西医结合治疗慢性肛窦炎临床疗效观察
儿科疾病,1,对中西医结合治疗儿科疾病的体会探讨
拇外翻,1,拇外翻术后患者的康复及中西医结合治疗效果分析
拇外翻,2,中西医结合微创治疗拇外翻466例分析
阿尔茨海默病,1,中西医结合规范化干预治疗阿尔茨海默病的疗效
阿尔茨海默病,2,中西医结合治疗及认知功能训练和健康教育在阿尔茨海默病中的应用效果
阿尔茨海默病,3,中西医结合治疗阿尔茨海默病80例疗效观察
脊柱结核,1,中西医结合治疗脊柱结核效果观察
白血病,1,周永明治疗老年急性白血病临床经验
白血病,2,周郁鸿治疗白血病经验拾萃
白血病,3,中西医结合治疗白血病成本效果分析
急性高危胸痛,1,床旁超声心动图检查在急性高危胸痛疾病诊断和中西医结合治疗中应用
瘿气,1,中西医结合治疗瘿气病临床经验
输尿管结石,1,中西医结合治疗输尿管结石68例临床研究
泌尿系统损伤,1,妇产科手术致泌尿系统损伤治疗措施探讨
尿道炎,1,中西医结合治疗男性非淋菌性尿道炎142例疗效观察
骨关节强直,1,中药熏洗联合关节松解术治疗骨关节强直的临床疗效观察
Graves病,1,中西医结合治疗Graves病的临床疗效及对免疫功能的影响
心脏瓣膜病,1,中西医结合治疗配合护理在心脏瓣膜病围术期中效果观察
精索静脉曲张不育,1,针挑治疗对精索静脉曲张不育患者血液流变指标及疗效的影响
甲状腺功能减退,1,中西医结合法治疗甲状腺功能减退临床观察
眼轮匝肌痉挛,1,中西医结合治疗眼轮匝肌痉挛30例临床观察
频发室性早搏,1,中西医结合治疗频发室性早搏临床观察
流脑,1,离合之间:新中国第一次流脑疫情与中西医防治
儿童抽动症,1,126例儿童抽动症合并多动症的中西医结合临床疗效分析
痤疮,1,中西医结合治疗结节和囊肿型痤疮的疗效观察
痤疮,2,中西医结合治疗痤疮
痤疮,3,中西医结合疗法治疗重度痤疮的疗效观察
痤疮,4,中西医结合治疗痤疮56例
痤疮,5,中西医结合治疗寻常型痤疮的临床疗效及安全性
痤疮,6,中西医结合治疗中重度痤疮临床疗效观察
痤疮,7,中西医结合治疗寻常性痤疮100例临床观察
阴道混合感染,1,中西医结合治疗对阴道混合感染近期疗效和远期复发的影响
结膜炎,1,中西医结合治疗儿童变应性结膜炎疗效观察
婴幼儿痰多,1,中西医结合治疗婴幼儿痰多138例疗效观察
慢支,1,中西医结合治疗慢支的进展
呃逆,1,心脏介入术后顽固性呃逆的中西医结合护理
子宫脱垂,1,中西医结合治疗子宫脱垂的疗效及对雌激素的影响
心肌损伤,1,中西医结合治疗高原缺氧性心肌损伤的临床效果
危重病急救,1,我国开创的中西医结合科研及其启示(七)——著名危重病急救医学家王今达教授与中西医结合急救医学研究
贫血,1,中西医结合治疗肿瘤性贫血的临床疗效观察
贫血,2,补肾生血汤治疗肾性贫血的临床观察
卒中,1,中医药治疗卒中后抑郁的研究进展
脱髓鞘疾病,1,中西医联合治疗中枢神经系统脱髓鞘疾病的临床效果观察
耳鼻咽喉科相关疾病,1,耳鼻咽喉科的中西医结合治疗思路
骨髓增生异常综合征,1,“同病类治”法治疗骨髓增生异常综合征临床观察
骨髓增生异常综合征,2,中西医结合治疗骨髓增生异常综合征1例
身材矮小,1,中西医结合治疗身材矮小儿童的临床效果评价
下肢感染,1,下肢感染性创面的中西医结合治疗
系统性红斑狼疮,1,中西医结合治疗系统性红斑狼疮疗效观察
系统性红斑狼疮,2,试析采用中西医结合治疗系统性红斑狼疮的临床疗效
坐骨神经痛,1,中西医结合治疗坐骨神经痛24例
项背肌筋膜炎,1,中西医结合治疗项背肌筋膜炎28例
脑动脉瘤,1,中西医结合治疗脑动脉瘤破裂后蛛网膜下腔出血108例
心肌病,1,中西医结合治疗围生期心肌病1例
骨科疼痛性疾病,1,中西医结合治疗骨科疼痛性疾病43例的临床观察
尿路结石,1,中西医结合护理在尿路结石性梗阻中的应用
CHF,1,CHF患者采用中西医结合治疗对其生活质量评分的影响探讨
慢性疲劳综合症,1,补脾益肾汤联合三磷酸腺苷+谷维素治疗脾肾阳虚慢性疲劳综合症随机平行对照研究
慢性乙肝,1,中西医结合治疗慢性乙肝临床研究进展
肝外胆管结石,1,中西医结合治疗肝外胆管结石简况
生殖道人乳头瘤病毒感染,1,中西医结合局部用药治疗生殖道人乳头瘤病毒感染的疗效观察
心脉病症,1,中西医融合康复治疗心脉病症多元研究述评
产后子宫复旧不良,1,产后子宫复旧不良的中西医结合研究
妊娠贫血,1,中西医结合治疗妊娠贫血
骨科创伤,1,创伤骨科中西医结合治疗以及应用外固定架的临床疗效和体会
间质性肺病,1,中西医结合治疗间质性肺病的研究进展
子宫内膜异位症,1,中西医结合方法治疗子宫内膜异位症的临床疗效分析
葡萄膜炎,1,葡萄膜炎中医病因病机分析与中西医结合治疗研究
葡萄膜炎,2,中西医结合治疗Behcet综合征葡萄膜炎的临床观察
葡萄膜炎,3,中西医结合治疗前葡萄膜炎临床疗效观察
帕金森病,1,中西医结合治疗帕金森病便秘32例
帕金森病,2,中医药治疗帕金森病研究进展
卵巢癌,1,自拟中药方剂联合常规西医化疗治疗晚期卵巢癌的效果分析
慢性子宫内膜炎,1,中西医结合治疗慢性子宫内膜炎的临床疗效观察
布鲁氏菌病,1,中西医结合治疗布鲁氏菌病的疗效分析
不育,1,男性免疫性不育中医药治疗研究现状
上消化道出血,1,中医治疗上消化道出血的研究进展
上消化道出血,2,中西医结合治疗上消化道出血临床效果研究
膝骨关节病,1,中西医结合治疗膝骨关节病的研究进展
玫瑰糠疹,1,中西医结合治疗变应性血管炎合并玫瑰糠疹1例
呼吸道感染,1,对新生儿呼吸道感染者采用中西医结合方式治疗的效果观察
室性早搏,1,中西医结合治疗室性早搏临床经验
室性早搏,2,中西医结合治疗频发室性早搏合并抑郁状态疗效观察
慢性盆腔炎,1,慢性盆腔炎合并盆腔积液40例的临床治疗体会
阴道流血,1,关于妇产科临床中阴道流血的临床中西医联合治疗方法分析
视网膜病变,1,中西医结合治疗中心性浆液性脉络膜视网膜病变临床观察
视网膜病变,2,中西医结合与单纯西医治疗NPDR早期患者的疗效比较
膀胱癌,1,中西医结合治疗37例中晚期膀胱癌的临床疗效观察
尿毒症,1,尿毒症早期肾性贫血应用中西医结合治疗的效果研究
老年皮肤瘙痒症,1,中西医结合治疗老年皮肤瘙痒症疗效观察
老年呼吸系统疾病,1,中西医结合治疗老年呼吸系统疾病的疗效研究
胃肠功能紊乱,1,中西医结合护理对腹部手术后胃肠功能紊乱的预防和临床疗效观察
妊娠呕吐,1,中西医结合治疗妊娠呕吐30例临床观察
视网膜下积液,1,中西医结合治疗孔源性视网膜脱离术后视网膜下积液的Meta分析
功能紊乱,1,中西医结合治疗非器质性消化功能紊乱临床观察
冠状动脉心肌桥,1,中西医结合治疗冠状动脉心肌桥的研究进展
肾小球硬化,1,原发性局灶节段性肾小球硬化治疗研究进展
胆道蛔虫病,1,中西医结合治疗胆道蛔虫病的效果观察
虹膜睫状体炎,1,中西医结合治疗虹膜睫状体炎的临床观察
膝关节疾病,1,人工全膝关节表面置换术后结合中西医康复治疗的临床效果
宫颈妊娠,1,中西医结合治疗宫颈妊娠1例
急性颅脑外伤,1,中西医结合治疗急性颅脑外伤的临床研究
胸外伤,1,中西医结合治疗胸外伤的临床进展
慢-快综合征,1,慢-快综合征中西医诊治现状
视神经网膜病变,1,中西医结合治疗颠茄磺苄啶片致药源性视神经网膜病变2例报告
急腹症,1,中西医结合外科急腹症临床应用若干问题的思考
急腹症,2,我国开创的中西医结合科研及其启示(五)——著名外科学家吴咸中院士与中西医结合诊疗急腹症研究
静脉内瘘,1,维持性血液透析动——静脉内瘘的中西医结合护理
甲状腺疾病,1,甲状腺疾病研究:进展与思考
脑疾病,1,中西医结合在脑疾病+胃肠道出血患者中的疗效观察及预后的影响
肝肾综合征,1,探讨中西医结合治疗肝肾综合征的临床效果
肝肾综合征,2,升降出入理论在肝肾综合征中的应用研究
颅脑外伤,1,中西医结合护理颅脑外伤术后患者效果观察
坏疽,1,中西医结合治疗二级以下足部缺血性坏疽的临床疗效
大肠癌,1,基于聚类和关联分析探讨中晚期大肠癌的中药用药规律
小儿呼吸道疾病,1,中西医结合治疗小儿呼吸道疾病
放射性皮炎,1,中西医结合治疗放射性皮炎的研究进展
胃脘痛,1,初探胃脘痛患者的中西医结合护理体会
肛肠手术并发症,1,肛肠手术并发症患者的中西医治疗体会
高泌乳素血症,1,高泌乳素血症月经后期的中西医治疗进展
前阴疮蚀,1,孙思邈治疗前阴疮蚀疾病的特色研究
新生儿胆汁淤积症,1,中西医结合治疗新生儿胆汁淤积症32例临床观察
结膜松弛症,1,中西医结合治疗结膜松弛症伴MGD相关干眼相关干眼的疗效分析
慢性阻塞性肺病,1,中西医结合治疗慢性阻塞性肺病的临床观察
单核细胞增多症,1,中西医结合治疗成人传染性单核细胞增多症并肝损害1例
肾功能不全,1,中西医结合治疗慢性肾功能不全临床研究
精神障碍,1,中西医结合治疗反复发作癔症性精神障碍的效果
甲流,1,中西医结合防控甲流H1N1流感疫情临床观察
骨关节病,1,中西医结合护理对关节镜下手术治疗膝关节骨关节病患者康复的影响
口腔扁平苔藓,1,中西医结合治疗口腔扁平苔藓的临床效果分析
儿童特发性矮小,1,项蓉主任医师中西医结合治疗儿童特发性矮小临床经验
性早熟,1,中西医结合和西药治疗性早熟的效果对比
白斑,1,中西医治疗外阴白斑病疗效评价
乙肝,1,中西医结合护理干预对慢性乙肝患者疗效的影响分析
阑尾脓肿,1,中西医结合治疗阑尾脓肿临床观察
子宫复旧,1,中西医结合治疗对剖宫产后子宫复旧的临床效果观察
眼睑痉挛,1,中西医结合治疗原发性眼睑痉挛30例
发热,1,中西医结合治疗神经外科术后发热56例疗效观察
EB病毒感染,1,中西医结合治疗EB病毒感染的临床疗效
卵巢过度刺激综合征,1,浅谈卵巢过度刺激综合征患者中西医结合治疗的护理体会
口腔黏膜炎,1,中医药在放射性口腔黏膜炎治疗中的研究进展
硬膜外血肿,1,中西医结合治疗创伤性硬膜外血肿90例临床观察
癌性疼痛,1,癌性疼痛的中西医治疗
植物神经功能紊乱,1,中西医结合治疗LC后胃肠型植物神经功能紊乱的疗效
慢性正己烷中毒,1,职业性慢性正己烷中毒综合疗法与常规疗法效果比较
皮肤瘙痒,1,中西医结合护理联合药物治疗维持性血液透析患者皮肤瘙痒的临床观察
脑震荡,1,中西医结合治疗脑震荡的临床观察与研究
支原体感染,1,中西医结合治疗妇科支原体感染的疗效观察
腹股沟疝,1,无张力疝修补术联合健脾疏肝法治疗老年腹股沟疝的临床观察
儿童葡萄球菌性烫伤样皮肤综合征,1,中西医结合治疗儿童葡萄球菌性烫伤样皮肤综合征
腺性膀胱炎,1,中西医治疗腺性膀胱炎研究进展
反流性咽喉炎,1,中西医结合治疗反流性咽喉炎的临床体会
甲亢,1,黄淑玲中西医结合序贯治疗甲亢经验
肺部感染,1,中西医结合治疗室间隔缺损术后患者反复肺部感染1例
特发性肺间质纤维化,1,特发性肺间质纤维化的中西医结合疗法研究概况
腹部术后胃肠功能恢复,1,中西医结合对腹部术后胃肠功能恢复的效果分析
天疱疮,1,天疱疮中医诊疗指南
子宫内膜非典型增生,1,子宫内膜非典型增生患者术后中西医结合改善治疗临床观察
骨髓炎,1,中西医结合治疗慢性创伤性股骨骨髓炎的临床疗效研究
月经先期,1,中西医结合治疗月经先期的疗效观察
雷诺氏病,1,中西医结合治疗雷诺氏病65例
神经麻痹,1,特发性面神经麻痹早期中西医结合治疗新发现
急性阑尾炎,1,加味锦红汤结合西医保守治疗急性阑尾76例的临床效果
自身免疫性肝病,1,中西医结合疗法对于治疗自身免疫性肝病的疗效分析
尿路感染,1,男性尿路感染临床特点及中西医结合治疗
急性乳腺炎,1,中西医联合治疗哺乳期急性乳腺炎的疗效分析
肛肠疾病术后疼痛,1,中西医结合治疗肛肠疾病术后疼痛的效果分析
睡眠呼吸暂停综合征,1,中医治疗阻塞性睡眠呼吸暂停综合征新进展
突发性聋,1,中西医结合治疗气滞血瘀型突发性聋临床研究
泌尿系感染,1,中西医结合治疗泌尿系感染的疗效及安全性探析
慢性咽喉炎,1,中西医结合治疗小儿慢性咽喉炎的临床疗效观察
神经内科疾病,1,中西医结合在神经内科疾病中的应用
水痘,1,39例水痘误诊情况分析及中西医结合治疗
肘关节纤维性强直,1,中西医结合康复治疗肘关节纤维性强直的临床疗效观察
胆囊相关疾病,1,中西医结合护理在腹腔镜胆囊切除术患者中的应用
盆底功能障碍性疾病,1,中西医结合防治产后盆底功能障碍性疾病的研究进展
心血管神经症,1,中西医结合治疗心血管神经症
骨髓瘤肾病,1,中医辨证论治对多发性骨髓瘤肾病化疗疗效的影响
